punishment	-4.79	1.43
cruel	-4.79	1.22
beast	-4.51	1.63
monster	-4.50	1.46
nasty	-4.40	1.43
worst	-4.36	1.37
painful	-4.21	1.74
fate	-4.16	1.49
sick	-4.15	0.94
terrible	-4.04	1.66
inevitable	-3.80	1.77
dirty	-3.79	1.75
ridiculous	-3.49	1.41
worse	-3.45	1.83
fought	-3.43	2.31
bitter	-3.36	1.99
vague	-3.36	1.71
smelled	-3.33	2.35
grim	-3.33	2.36
tragedy	-3.31	1.94
habit	-3.31	1.98
poverty	-3.27	1.71
lonely	-3.23	1.43
smell	-3.18	2.32
racial	-3.16	2.16
horror	-3.12	1.83
harsh	-3.12	0.94
spirits	-3.10	2.08
recalled	-3.10	1.57
awful	-3.08	1.77
desperate	-3.06	1.10
peculiar	-3.06	1.93
indians	-3.02	1.86
ugly	-3.02	1.35
latter	-3.00	2.05
smells	-2.98	2.22
imagined	-2.94	1.60
blacks	-2.94	2.01
whites	-2.90	2.03
odd	-2.88	1.71
suspected	-2.88	2.00
hurt	-2.86	1.81
suffering	-2.85	0.77
detail	-2.83	2.25
empire	-2.81	2.47
enemies	-2.80	2.15
conditions	-2.76	1.80
immigrants	-2.74	2.31
timing	-2.73	2.01
killing	-2.68	2.30
homeless	-2.66	2.28
aid	-2.65	2.29
beings	-2.65	2.12
altogether	-2.63	2.02
americans	-2.62	2.30
complained	-2.62	2.30
housing	-2.61	2.40
weak	-2.57	1.21
shame	-2.57	2.00
remind	-2.55	2.02
suffer	-2.48	0.65
ancestors	-2.46	2.36
suffered	-2.46	0.87
weather	-2.43	2.24
stupid	-2.43	1.53
fled	-2.42	2.07
ultimate	-2.42	2.13
acts	-2.41	2.20
acted	-2.41	1.88
li	-2.41	2.40
disaster	-2.40	0.90
camps	-2.39	0.63
assault	-2.37	0.66
crimes	-2.37	0.68
lion	-2.34	0.86
minor	-2.32	0.91
refugees	-2.29	1.59
crime	-2.27	0.71
victims	-2.26	0.78
mess	-2.24	1.84
habits	-2.23	2.08
prefer	-2.23	2.56
african	-2.22	1.53
violence	-2.21	0.83
elderly	-2.21	2.45
ashamed	-2.21	1.86
intent	-2.17	2.37
dumb	-2.16	1.49
jail	-2.16	0.60
recession	-2.15	0.59
mad	-2.15	1.63
bloody	-2.14	0.91
jews	-2.14	1.41
fever	-2.14	0.60
families	-2.14	2.52
necessarily	-2.12	2.21
tobacco	-2.12	0.93
arrested	-2.08	0.69
sweat	-2.08	1.52
prison	-2.06	0.60
gay	-2.05	2.39
vulnerable	-2.05	1.72
sin	-2.04	2.33
cigarettes	-2.02	0.88
pain	-2.02	0.80
wet	-2.01	1.37
penalty	-2.01	0.65
quarters	-2.01	2.97
feared	-2.00	1.78
bull	-1.99	0.64
deadly	-1.98	0.63
sour	-1.96	1.77
accused	-1.95	0.77
slave	-1.95	2.33
caused	-1.94	0.63
abuse	-1.94	0.74
murder	-1.94	0.67
wealthy	-1.93	2.46
improve	-1.93	2.27
smoke	-1.93	1.49
ill	-1.92	0.77
damp	-1.91	1.41
occupied	-1.90	0.72
ghosts	-1.89	2.22
violent	-1.88	0.85
chaos	-1.87	0.55
slaves	-1.87	1.43
charged	-1.86	0.62
ethnic	-1.85	1.05
mechanical	-1.85	0.79
creatures	-1.83	1.06
victim	-1.82	0.62
concerned	-1.82	2.13
illegal	-1.81	0.49
root	-1.81	0.90
committed	-1.80	0.66
guilty	-1.80	0.54
welfare	-1.80	1.77
stomach	-1.79	0.41
wolf	-1.77	0.69
innocent	-1.77	0.75
spirit	-1.77	2.68
truly	-1.76	1.90
centuries	-1.76	1.15
mood	-1.76	2.20
gods	-1.76	2.69
extreme	-1.74	0.69
fool	-1.73	1.92
burning	-1.73	1.45
drug	-1.73	0.50
persons	-1.72	1.36
animal	-1.72	0.72
flood	-1.71	0.77
prisoners	-1.70	0.90
unemployment	-1.70	1.19
powerful	-1.69	2.16
dangerous	-1.69	0.64
magic	-1.68	2.75
devil	-1.67	2.51
consequences	-1.67	0.69
dogs	-1.67	0.64
psychological	-1.66	0.57
population	-1.65	1.50
aids	-1.65	0.69
brave	-1.64	1.46
collapse	-1.64	0.60
disappointed	-1.64	1.89
suicide	-1.64	0.72
accident	-1.63	0.79
incident	-1.63	0.74
depression	-1.62	0.54
loss	-1.61	0.65
immigration	-1.60	1.11
civil	-1.60	0.70
urban	-1.60	1.24
drunk	-1.59	0.69
isolated	-1.58	0.63
residents	-1.57	1.67
criminal	-1.56	0.44
blind	-1.55	0.61
races	-1.54	0.96
air	-1.53	1.48
indian	-1.53	1.14
citizens	-1.53	1.49
exhausted	-1.53	0.56
reminded	-1.53	2.24
minority	-1.51	1.02
scared	-1.51	0.83
bleeding	-1.51	0.54
charges	-1.50	0.42
assistance	-1.48	1.63
suspect	-1.48	0.83
rage	-1.48	0.96
bomb	-1.47	0.58
trouble	-1.46	1.92
twin	-1.46	2.51
occurred	-1.46	0.79
attacked	-1.46	0.49
hot	-1.45	1.50
cold	-1.45	1.17
thousands	-1.45	1.26
fighting	-1.45	0.73
causing	-1.44	0.42
gotten	-1.44	1.90
sentence	-1.44	0.68
amid	-1.44	0.86
scent	-1.43	1.81
bear	-1.43	0.63
individuals	-1.42	1.37
outcome	-1.42	0.67
wash	-1.42	0.93
arrest	-1.42	0.46
taste	-1.40	1.64
illness	-1.40	0.46
transition	-1.40	0.71
communities	-1.40	1.40
bored	-1.39	0.89
sharp	-1.38	0.81
dusty	-1.37	0.95
homes	-1.36	1.61
confusion	-1.36	0.88
dale	-1.35	1.98
avoided	-1.35	0.74
origin	-1.35	0.68
ultimately	-1.34	0.61
belonged	-1.34	2.14
anxiety	-1.34	0.70
tired	-1.34	0.84
choices	-1.33	2.94
jewish	-1.33	1.12
young	-1.33	2.24
familiar	-1.33	2.79
deaths	-1.32	0.68
loans	-1.32	1.34
result	-1.32	0.68
attacks	-1.32	0.34
alien	-1.31	0.69
native	-1.31	1.10
causes	-1.31	0.40
sheep	-1.31	0.57
cause	-1.30	0.41
cure	-1.30	0.34
fears	-1.30	0.54
believed	-1.30	2.00
mexican	-1.30	1.16
sometimes	-1.30	2.14
rain	-1.29	0.97
bitch	-1.29	1.09
guilt	-1.29	0.89
breath	-1.29	1.21
internal	-1.28	0.59
escaped	-1.28	0.56
injured	-1.28	0.58
talked	-1.28	2.13
abandoned	-1.27	0.48
severe	-1.26	0.59
symptoms	-1.26	0.55
terror	-1.26	0.97
drugs	-1.26	0.68
winter	-1.26	0.89
soldiers	-1.26	0.55
odds	-1.26	0.80
pig	-1.26	0.39
rich	-1.25	2.03
acting	-1.25	0.70
angry	-1.24	0.91
enemy	-1.24	0.60
hearts	-1.24	1.33
threatening	-1.24	0.65
struggle	-1.24	0.62
kick	-1.23	0.86
artificial	-1.23	0.59
jerusalem	-1.23	1.39
dog	-1.22	0.65
war	-1.22	0.68
foolish	-1.22	0.69
millions	-1.22	0.94
patients	-1.21	0.82
authorities	-1.21	0.38
earl	-1.21	0.58
weird	-1.20	1.76
evolution	-1.19	0.58
bite	-1.19	0.73
loves	-1.18	2.02
killer	-1.18	0.56
societies	-1.18	0.77
damage	-1.18	0.41
circumstances	-1.18	0.59
storm	-1.18	0.73
territory	-1.18	0.76
drank	-1.18	0.70
injury	-1.17	0.44
gang	-1.17	0.51
egg	-1.17	0.78
pipe	-1.16	0.91
knew	-1.16	1.94
abortion	-1.16	0.73
projects	-1.16	1.16
temperature	-1.15	0.70
hunt	-1.15	0.59
temporary	-1.15	0.68
smoking	-1.15	0.58
stress	-1.14	0.38
intense	-1.14	0.81
cultures	-1.13	0.80
warming	-1.13	0.47
minds	-1.13	0.91
feeling	-1.12	0.69
saved	-1.12	1.83
shooting	-1.12	0.66
simpson	-1.11	0.37
troubled	-1.11	0.91
cleaning	-1.11	0.83
wind	-1.11	0.95
anger	-1.10	0.93
faint	-1.10	1.56
getting	-1.10	2.09
fear	-1.09	0.93
deer	-1.09	0.38
justice	-1.09	0.58
japanese	-1.09	0.97
liked	-1.08	1.83
mixed	-1.08	0.86
battle	-1.07	0.64
disease	-1.07	0.52
mental	-1.07	0.34
fierce	-1.07	0.57
jury	-1.07	0.36
agencies	-1.07	1.03
camp	-1.07	0.75
blew	-1.06	0.80
afraid	-1.06	0.85
winds	-1.06	0.84
target	-1.06	0.68
funding	-1.06	1.18
stroke	-1.06	0.46
diseases	-1.05	0.48
awkward	-1.05	0.92
straw	-1.05	0.91
snake	-1.05	0.79
wolves	-1.05	0.39
likes	-1.05	1.91
creature	-1.05	0.84
cats	-1.04	0.46
hungry	-1.04	0.54
funny	-1.04	1.57
despair	-1.04	0.94
pressure	-1.03	0.30
rescue	-1.02	0.37
police	-1.02	0.30
american	-1.02	0.99
cigarette	-1.02	0.75
cared	-1.02	1.90
washing	-1.02	0.85
snow	-1.02	0.83
tourists	-1.02	1.15
blame	-1.02	0.81
killed	-1.02	0.80
substance	-1.02	0.45
armed	-1.02	0.28
towns	-1.01	1.18
deeply	-1.01	0.67
treat	-1.01	0.55
race	-1.01	1.01
swept	-1.00	0.68
charge	-1.00	0.28
elk	-1.00	0.33
incredible	-1.00	2.38
nursing	-1.00	1.24
climate	-1.00	0.71
jokes	-0.99	0.68
dry	-0.99	0.93
random	-0.99	0.78
trial	-0.98	0.33
physically	-0.98	0.65
suburban	-0.98	1.20
powers	-0.98	1.34
laundry	-0.97	0.89
leap	-0.97	0.54
animals	-0.96	0.37
fbi	-0.96	0.79
ritual	-0.96	1.48
finance	-0.96	0.99
domestic	-0.96	0.66
badly	-0.96	0.58
land	-0.96	0.68
clothes	-0.96	1.07
wounded	-0.96	0.63
panic	-0.95	0.86
voters	-0.95	1.00
serious	-0.95	0.73
feelings	-0.94	0.52
torn	-0.94	0.71
overcome	-0.94	0.61
o	-0.94	0.77
relief	-0.94	0.74
sector	-0.93	0.77
humans	-0.93	0.59
cultural	-0.93	0.69
affected	-0.93	0.56
difficult	-0.93	0.78
corporations	-0.92	1.03
resulting	-0.92	0.39
males	-0.91	1.32
due	-0.91	0.37
got	-0.91	2.12
nervous	-0.91	0.79
conduct	-0.91	0.53
patient	-0.91	0.80
muslim	-0.91	0.98
fucking	-0.91	1.05
concern	-0.91	0.64
lately	-0.90	0.86
public	-0.90	0.95
hunting	-0.90	0.30
felt	-0.90	0.65
experienced	-0.89	0.41
cuba	-0.89	0.74
landscape	-0.89	0.60
feels	-0.89	0.88
successfully	-0.89	2.58
grief	-0.88	0.96
actions	-0.88	0.64
assumed	-0.88	1.18
lungs	-0.88	0.36
cases	-0.88	0.29
protest	-0.88	0.52
clean	-0.88	1.00
responsible	-0.88	0.54
consumers	-0.88	0.95
attack	-0.88	0.24
hunters	-0.88	0.29
fort	-0.88	0.60
ancient	-0.87	1.73
judge	-0.87	0.30
treatment	-0.87	0.44
phenomenon	-0.87	0.53
investigation	-0.87	0.38
problems	-0.87	0.52
supported	-0.87	0.91
neighborhood	-0.87	1.40
primary	-0.86	0.66
frustration	-0.86	0.85
therefore	-0.86	0.82
contributed	-0.86	0.29
entry	-0.86	0.70
crisis	-0.86	0.31
youth	-0.86	0.97
regarded	-0.86	0.72
rural	-0.86	0.88
toilet	-0.85	0.71
transportation	-0.84	0.95
deficit	-0.84	0.49
totally	-0.84	0.65
stuff	-0.84	2.09
continuing	-0.84	0.60
commerce	-0.84	0.91
garbage	-0.83	0.74
shock	-0.83	0.82
wrong	-0.83	1.91
insist	-0.83	0.70
economy	-0.83	0.45
personally	-0.83	0.65
spotted	-0.83	0.68
arab	-0.82	0.76
allies	-0.82	0.79
program	-0.82	1.01
prevent	-0.82	0.29
asian	-0.81	0.67
hong	-0.81	0.79
existed	-0.81	0.85
recognized	-0.81	0.95
angels	-0.80	1.56
legal	-0.80	0.29
mask	-0.80	0.65
blowing	-0.80	0.79
destruction	-0.80	0.26
scattered	-0.80	0.68
women	-0.80	1.42
nation	-0.79	0.85
dust	-0.79	0.70
effects	-0.79	0.32
distant	-0.79	0.89
community	-0.79	1.17
buildings	-0.79	0.93
virus	-0.78	0.20
alcohol	-0.78	0.51
visited	-0.78	1.21
agents	-0.78	0.75
environment	-0.78	0.44
rid	-0.77	0.72
socks	-0.77	1.13
moscow	-0.77	0.87
occur	-0.77	0.50
steam	-0.77	0.70
predicted	-0.77	0.77
prime	-0.77	0.62
terms	-0.77	0.39
cue	-0.77	1.29
america	-0.77	0.88
goddamn	-0.76	1.19
care	-0.76	1.11
driven	-0.76	0.77
troops	-0.76	0.29
cheap	-0.76	0.77
perceived	-0.76	0.61
mud	-0.76	0.62
court	-0.76	0.26
francisco	-0.76	0.90
hunter	-0.75	0.33
discipline	-0.75	0.68
broken	-0.75	0.69
concerns	-0.75	0.54
complicated	-0.75	0.84
government	-0.75	0.69
strange	-0.75	0.96
heart	-0.75	0.64
guns	-0.75	0.24
practices	-0.75	0.51
forces	-0.74	0.29
frequently	-0.74	0.64
fog	-0.74	0.74
associated	-0.74	0.26
influence	-0.74	0.46
supplies	-0.74	0.64
resistance	-0.74	0.56
memories	-0.74	0.45
claimed	-0.74	0.99
cancer	-0.73	0.57
tax	-0.73	0.57
survival	-0.73	0.69
soul	-0.73	2.57
denied	-0.73	0.71
resulted	-0.73	0.43
owners	-0.73	0.98
weapon	-0.72	0.28
recovery	-0.72	0.19
bottles	-0.72	0.40
witness	-0.72	0.37
circle	-0.72	0.87
healing	-0.72	1.20
goal	-0.72	0.79
beaten	-0.72	0.34
human	-0.71	0.74
construction	-0.71	0.81
dealing	-0.71	0.93
death	-0.71	1.13
cows	-0.71	0.21
groups	-0.71	0.73
colonel	-0.71	0.35
threat	-0.71	0.30
ban	-0.70	0.15
beer	-0.70	0.38
case	-0.70	0.25
trash	-0.70	0.94
cow	-0.70	0.27
moore	-0.70	0.51
physical	-0.70	0.72
horses	-0.70	0.22
banking	-0.70	0.79
differences	-0.70	0.51
populations	-0.70	0.30
breeze	-0.69	1.35
repair	-0.69	0.25
dying	-0.69	1.56
washed	-0.69	0.56
insurance	-0.69	0.70
essentially	-0.69	0.39
courts	-0.69	0.24
planning	-0.68	0.75
surprising	-0.68	2.35
existence	-0.68	0.81
suspended	-0.68	0.63
cities	-0.68	0.79
weapons	-0.68	0.19
surgery	-0.67	0.37
uncertain	-0.67	0.71
satisfied	-0.67	2.19
hospitals	-0.67	0.67
shelter	-0.67	1.37
bottle	-0.67	0.37
chinese	-0.67	0.68
chill	-0.67	0.83
security	-0.67	0.44
combat	-0.67	0.28
worlds	-0.66	0.61
tears	-0.66	0.71
confused	-0.66	0.99
adults	-0.66	1.54
emotions	-0.66	0.68
enforcement	-0.66	0.29
clinic	-0.66	0.58
merely	-0.66	0.59
insects	-0.66	0.27
decline	-0.65	0.35
cuts	-0.65	0.55
fight	-0.65	0.62
nowhere	-0.65	0.73
species	-0.65	0.31
health	-0.65	0.61
threatened	-0.65	0.65
recall	-0.65	0.76
losses	-0.64	0.26
drifted	-0.64	0.49
social	-0.64	0.48
opposed	-0.64	0.55
moral	-0.64	0.68
port	-0.64	0.69
kong	-0.64	0.80
throat	-0.64	0.37
difficulty	-0.64	0.54
culture	-0.64	0.50
statements	-0.64	0.45
attorney	-0.64	0.28
wonders	-0.64	0.53
fired	-0.64	0.56
harm	-0.63	0.70
crack	-0.63	0.29
desperately	-0.63	0.35
blank	-0.63	0.97
mentioned	-0.63	1.28
summer	-0.63	0.89
remembering	-0.63	0.78
shell	-0.63	0.57
european	-0.63	0.60
economic	-0.63	0.45
ruled	-0.63	0.64
doctors	-0.63	0.50
burden	-0.62	0.32
israel	-0.62	0.55
property	-0.62	0.98
invasion	-0.62	0.23
worried	-0.62	0.91
folk	-0.62	1.66
joke	-0.62	0.82
roots	-0.62	0.67
divided	-0.62	0.52
resolve	-0.62	0.45
survived	-0.62	0.90
organizations	-0.62	0.68
governments	-0.62	0.63
inflation	-0.62	0.37
package	-0.61	0.86
mouse	-0.61	0.37
sheriff	-0.61	0.32
businesses	-0.61	0.80
payments	-0.61	0.62
equal	-0.61	0.67
spending	-0.61	0.59
autumn	-0.61	1.11
changes	-0.61	0.49
uncomfortable	-0.60	1.02
generations	-0.60	1.07
resident	-0.60	0.57
emergency	-0.60	0.59
anxious	-0.60	0.95
rifle	-0.60	0.28
recalls	-0.60	0.97
oxygen	-0.60	0.37
spite	-0.60	0.47
decisions	-0.60	0.71
emotional	-0.59	0.45
israeli	-0.59	0.50
unknown	-0.59	0.58
lawyers	-0.59	0.24
diverse	-0.59	0.62
areas	-0.59	0.45
breast	-0.59	0.29
federal	-0.59	0.41
symbol	-0.59	0.81
involved	-0.59	0.60
tension	-0.59	0.40
shifting	-0.59	0.65
taxes	-0.59	0.55
remembers	-0.59	1.00
stronger	-0.59	0.86
army	-0.59	0.24
damn	-0.58	1.20
spring	-0.58	0.83
services	-0.58	1.02
cattle	-0.58	0.20
beliefs	-0.58	0.58
impact	-0.58	0.25
frightened	-0.58	1.03
clinical	-0.58	0.35
testimony	-0.57	0.25
wealth	-0.57	0.88
cup	-0.57	0.75
cluster	-0.57	0.64
officials	-0.57	0.43
aspect	-0.57	0.43
habitat	-0.57	0.25
bath	-0.57	0.50
enjoyed	-0.57	1.85
vietnam	-0.56	0.26
medical	-0.56	0.63
water	-0.56	0.42
tower	-0.56	0.73
guards	-0.56	0.24
aging	-0.56	0.79
fire	-0.56	0.36
swallowed	-0.56	0.60
force	-0.56	0.13
christians	-0.56	1.60
sword	-0.56	0.56
fires	-0.56	0.35
trend	-0.55	0.19
filed	-0.55	0.25
growth	-0.55	0.46
risk	-0.55	0.22
crash	-0.55	0.33
repeatedly	-0.55	0.60
shocked	-0.55	0.99
sacred	-0.55	1.77
supreme	-0.55	0.25
condition	-0.55	0.42
institutions	-0.55	0.65
tanks	-0.55	0.13
trials	-0.55	0.20
clouds	-0.55	0.60
demanding	-0.55	0.26
fed	-0.54	0.14
dragon	-0.54	0.53
drinks	-0.54	0.36
situations	-0.54	0.25
negative	-0.54	0.45
cloud	-0.54	0.54
seized	-0.54	0.47
brand	-0.54	0.46
underground	-0.54	0.52
details	-0.54	0.68
curiosity	-0.54	0.93
blood	-0.54	0.36
physician	-0.54	0.57
implications	-0.53	0.28
dramatic	-0.53	0.95
bears	-0.53	0.25
korea	-0.53	0.45
private	-0.53	0.65
holy	-0.53	1.91
birds	-0.53	0.39
military	-0.53	0.24
connected	-0.53	0.42
edward	-0.53	0.62
gulf	-0.53	0.21
pit	-0.53	0.27
argued	-0.53	0.68
hospital	-0.53	0.62
signal	-0.52	0.43
mix	-0.52	0.67
constantly	-0.52	0.58
irish	-0.52	0.72
values	-0.52	0.53
attitudes	-0.52	0.59
cans	-0.52	0.78
encounter	-0.52	0.74
object	-0.51	0.57
shapes	-0.51	0.61
africa	-0.51	0.52
crazy	-0.51	1.20
losing	-0.51	0.56
avoid	-0.51	0.46
chemicals	-0.51	0.16
n	-0.51	0.52
risks	-0.51	0.32
politically	-0.51	0.42
feed	-0.51	0.18
exposed	-0.51	0.45
gas	-0.51	0.38
burned	-0.51	0.67
humanity	-0.51	1.50
rush	-0.51	0.74
referring	-0.50	0.71
butter	-0.50	0.61
warm	-0.50	1.42
upset	-0.50	0.87
tide	-0.50	0.27
acknowledged	-0.50	0.81
district	-0.50	0.37
soviet	-0.50	0.31
crying	-0.50	0.42
act	-0.50	0.59
area	-0.50	0.50
wars	-0.50	1.00
hooked	-0.49	0.54
nuclear	-0.49	0.18
danger	-0.49	0.53
promote	-0.49	0.68
religion	-0.49	1.12
involving	-0.49	0.18
strip	-0.49	0.26
diet	-0.49	0.48
wild	-0.49	0.36
express	-0.49	0.65
mostly	-0.49	0.68
fees	-0.49	0.33
functions	-0.49	0.51
drinking	-0.49	0.33
change	-0.49	0.52
feeding	-0.49	0.20
carbon	-0.49	0.22
legislation	-0.48	0.33
religious	-0.48	0.97
investigators	-0.48	0.25
gun	-0.48	0.25
commander	-0.48	0.21
external	-0.48	0.55
whereas	-0.48	0.56
god	-0.48	2.43
favor	-0.48	0.61
kill	-0.48	0.89
italian	-0.48	0.79
filled	-0.48	0.81
events	-0.47	0.18
physicians	-0.47	0.51
power	-0.47	0.65
china	-0.47	0.47
profound	-0.47	0.46
protect	-0.47	0.44
aware	-0.47	0.76
drink	-0.47	0.33
surely	-0.47	0.61
programs	-0.47	0.79
duty	-0.47	0.33
accompanied	-0.47	0.47
responses	-0.47	0.41
admitted	-0.47	1.06
benefits	-0.47	0.65
purpose	-0.47	0.78
reform	-0.47	0.47
bags	-0.47	0.79
temple	-0.47	1.68
unit	-0.47	0.29
transformed	-0.47	0.43
revolution	-0.47	0.17
lands	-0.46	0.37
mounted	-0.46	0.61
ate	-0.46	0.62
dried	-0.46	0.57
admit	-0.46	0.86
salt	-0.46	0.68
function	-0.46	0.51
industrial	-0.46	0.37
damned	-0.46	1.05
feel	-0.46	0.81
huge	-0.46	0.81
roman	-0.46	1.39
needs	-0.46	0.51
traditions	-0.46	0.82
exposure	-0.46	0.18
represent	-0.46	0.46
changing	-0.46	0.78
german	-0.46	0.41
ice	-0.46	0.44
breathe	-0.45	0.65
rate	-0.45	0.42
1980s	-0.45	0.19
luck	-0.45	1.62
expressed	-0.45	0.54
sight	-0.45	0.53
islamic	-0.45	0.70
soldier	-0.45	0.49
county	-0.45	0.57
pack	-0.45	0.19
opponents	-0.45	0.28
powder	-0.45	0.50
hence	-0.45	0.82
lighting	-0.45	0.48
fur	-0.44	0.35
nurses	-0.44	0.56
mist	-0.44	0.53
plain	-0.44	0.74
nature	-0.44	1.01
grant	-0.44	0.71
interpretation	-0.44	0.55
chest	-0.44	0.28
becoming	-0.44	0.75
officers	-0.44	0.25
milk	-0.44	0.46
curious	-0.44	0.86
aircraft	-0.44	0.14
spread	-0.44	0.19
factors	-0.44	0.24
teaspoon	-0.44	0.63
occasionally	-0.43	0.67
problem	-0.43	0.64
tank	-0.43	0.15
candy	-0.43	0.68
iraq	-0.43	0.30
japan	-0.43	0.49
pet	-0.43	0.27
wine	-0.43	0.61
kingdom	-0.43	1.13
fitness	-0.43	0.51
fee	-0.43	0.29
am	-0.43	0.62
boxes	-0.43	0.78
personality	-0.43	0.62
shift	-0.43	0.56
females	-0.42	1.03
generally	-0.42	0.57
developing	-0.42	0.48
sink	-0.42	0.46
identified	-0.42	0.62
equally	-0.42	0.57
russian	-0.42	0.45
complex	-0.42	0.42
mistake	-0.42	0.90
emotion	-0.42	0.88
pollution	-0.42	0.22
city	-0.42	0.57
transformation	-0.42	0.26
released	-0.42	0.18
decade	-0.42	0.23
surrounding	-0.42	0.28
juice	-0.42	0.65
spiritual	-0.41	1.35
eggs	-0.41	0.35
budget	-0.41	0.42
law	-0.41	0.23
occurs	-0.41	0.29
cheese	-0.41	0.49
jobs	-0.41	1.13
horse	-0.41	0.22
buffalo	-0.41	0.16
abroad	-0.41	0.22
poured	-0.41	0.41
shower	-0.41	0.41
greatly	-0.41	0.58
stove	-0.41	0.52
reasons	-0.41	0.65
political	-0.41	0.37
conflict	-0.41	0.25
atmosphere	-0.41	0.26
cleaned	-0.41	0.43
foreign	-0.41	0.48
sugar	-0.41	0.61
focused	-0.41	0.61
complaints	-0.41	0.17
percent	-0.40	0.48
era	-0.40	0.19
regions	-0.40	0.31
suddenly	-0.40	0.59
barrel	-0.40	0.32
trick	-0.40	0.75
wildlife	-0.40	0.22
shadows	-0.40	0.73
frequent	-0.40	0.24
reduce	-0.40	0.58
chocolate	-0.40	0.50
shot	-0.40	0.39
costs	-0.40	0.40
seen	-0.40	1.04
debt	-0.40	0.49
industry	-0.40	0.29
spell	-0.39	0.56
laws	-0.39	0.25
gear	-0.39	0.74
household	-0.39	1.13
consciousness	-0.39	0.94
struggling	-0.39	0.46
iran	-0.39	0.45
issues	-0.39	0.29
marine	-0.39	0.14
rome	-0.39	1.17
civilization	-0.39	0.49
communist	-0.39	0.34
defeat	-0.39	0.31
campbell	-0.39	0.65
effect	-0.39	0.20
overseas	-0.39	0.43
affect	-0.39	0.51
escape	-0.39	0.46
barn	-0.39	0.15
estimated	-0.39	0.40
professionals	-0.39	0.38
sack	-0.39	0.78
banks	-0.39	0.54
churches	-0.39	1.19
impression	-0.39	0.46
contribute	-0.39	0.55
towel	-0.39	0.47
saddam	-0.39	0.27
properties	-0.39	0.28
instead	-0.38	0.77
genuine	-0.38	0.69
corps	-0.38	0.19
loan	-0.38	0.50
entirely	-0.38	0.60
permanent	-0.38	0.33
policies	-0.38	0.27
reflect	-0.38	0.16
regular	-0.38	0.43
medicine	-0.38	0.38
asia	-0.38	0.41
centers	-0.38	0.66
aspects	-0.38	0.25
sip	-0.38	0.25
fresh	-0.38	0.82
epa	-0.37	0.16
seriously	-0.37	0.60
agency	-0.37	0.36
lawyer	-0.37	0.43
shit	-0.37	1.17
society	-0.37	0.40
estimates	-0.37	0.29
skinny	-0.37	0.67
payment	-0.37	0.47
initiative	-0.37	0.39
score	-0.37	0.57
spoken	-0.37	1.18
direct	-0.37	0.37
border	-0.37	0.33
united	-0.37	0.47
represented	-0.37	0.57
consumption	-0.37	0.29
christian	-0.36	1.52
country	-0.36	0.40
rivers	-0.36	0.13
enterprise	-0.36	0.40
sand	-0.36	0.36
farmers	-0.36	0.37
officer	-0.36	0.19
countries	-0.36	0.46
agree	-0.36	0.64
global	-0.36	0.20
spray	-0.36	0.57
future	-0.36	0.59
aimed	-0.36	0.15
switch	-0.36	0.32
interest	-0.36	0.30
chopped	-0.36	0.63
russia	-0.36	0.45
noticed	-0.36	1.01
ocean	-0.36	0.27
pentagon	-0.36	0.27
pepper	-0.36	0.63
chapter	-0.36	0.52
objective	-0.36	0.59
mayor	-0.35	0.53
western	-0.35	0.40
missing	-0.35	0.67
buck	-0.35	0.37
expand	-0.35	0.43
nelson	-0.35	0.57
generation	-0.35	1.30
interests	-0.35	0.34
vanished	-0.35	0.35
dream	-0.35	0.56
reaction	-0.35	0.59
southeast	-0.35	0.34
jersey	-0.35	0.47
labor	-0.35	0.51
1970s	-0.35	0.16
rather	-0.35	0.68
dance	-0.35	1.29
bigger	-0.35	0.92
cups	-0.35	0.52
acres	-0.35	0.37
historic	-0.35	0.48
montana	-0.35	0.29
paid	-0.34	0.33
talks	-0.34	0.83
viewed	-0.34	0.77
farm	-0.34	0.41
revenues	-0.34	0.36
flour	-0.34	0.48
combine	-0.34	0.55
expansion	-0.34	0.23
patterns	-0.34	0.55
fuel	-0.34	0.28
relation	-0.34	0.45
reserve	-0.34	0.26
responsibility	-0.34	0.73
sexual	-0.34	1.15
ass	-0.34	1.11
environmental	-0.34	0.22
sorts	-0.34	0.79
rates	-0.34	0.35
owned	-0.34	0.94
tail	-0.34	0.29
rights	-0.33	0.36
department	-0.33	0.34
results	-0.33	0.15
makers	-0.33	0.27
liquid	-0.33	0.51
significance	-0.33	0.26
burn	-0.33	0.43
franklin	-0.33	0.66
gender	-0.33	1.02
ranch	-0.33	0.31
canadian	-0.33	0.50
legislative	-0.33	0.29
wilderness	-0.33	0.25
muscle	-0.33	0.22
therapy	-0.33	0.55
boom	-0.33	0.21
eastern	-0.33	0.35
turkey	-0.33	0.24
knowing	-0.33	0.80
effectively	-0.33	0.54
context	-0.32	0.17
natural	-0.32	0.18
pistol	-0.32	0.30
situation	-0.32	0.41
signs	-0.32	0.47
regulation	-0.32	0.20
bits	-0.32	0.31
claim	-0.32	0.64
insisted	-0.32	1.15
become	-0.32	0.67
lemon	-0.32	0.70
minister	-0.32	0.56
hugh	-0.32	0.49
conclusion	-0.32	0.49
pacific	-0.32	0.27
hire	-0.32	0.64
republic	-0.32	0.39
kid	-0.32	1.05
garlic	-0.32	0.61
extent	-0.32	0.20
consumer	-0.32	0.39
prospect	-0.32	0.70
filling	-0.32	0.52
apparent	-0.32	0.60
personnel	-0.32	0.28
sweeping	-0.31	0.30
searched	-0.31	0.40
expenses	-0.31	0.36
expense	-0.31	0.23
cost	-0.31	0.32
demand	-0.31	0.21
handled	-0.31	0.67
tablespoons	-0.31	0.57
industries	-0.31	0.44
warned	-0.31	0.97
concentration	-0.31	0.37
amendment	-0.31	0.26
india	-0.31	0.48
upon	-0.31	0.44
establishment	-0.31	0.23
sergeant	-0.31	0.16
defense	-0.31	0.16
nuts	-0.31	0.46
warning	-0.31	0.24
conservation	-0.31	0.24
planes	-0.31	0.12
distinction	-0.31	0.52
total	-0.31	0.29
hip	-0.31	0.23
galaxies	-0.31	0.30
waves	-0.31	0.40
nations	-0.30	0.41
regional	-0.30	0.32
official	-0.30	0.38
mortgage	-0.30	0.45
bothered	-0.30	1.03
strikes	-0.30	0.18
exist	-0.30	0.57
al	-0.30	0.40
forest	-0.30	0.20
states	-0.30	0.36
excitement	-0.30	0.82
seeing	-0.30	0.91
foundation	-0.30	0.40
captured	-0.30	0.20
appear	-0.30	0.46
international	-0.30	0.38
belief	-0.30	1.00
faced	-0.30	0.34
navy	-0.30	0.17
southern	-0.30	0.35
largely	-0.30	0.30
false	-0.30	0.49
embarrassed	-0.30	1.07
flies	-0.30	0.21
blow	-0.30	0.54
referred	-0.30	0.71
million	-0.30	0.34
trembling	-0.30	0.57
sea	-0.29	0.17
administration	-0.29	0.34
tea	-0.29	0.39
emphasis	-0.29	0.23
increasingly	-0.29	0.71
state	-0.29	0.36
ours	-0.29	0.51
error	-0.29	0.32
1960s	-0.29	0.17
policy	-0.29	0.26
commercial	-0.29	0.60
project	-0.29	0.36
shoot	-0.29	0.71
pays	-0.29	0.35
wheat	-0.29	0.22
paying	-0.29	0.31
citizen	-0.29	0.71
fat	-0.29	0.20
understood	-0.29	1.10
partly	-0.29	0.32
bird	-0.29	0.20
radical	-0.29	0.65
prices	-0.29	0.27
numbers	-0.29	0.28
oil	-0.29	0.39
organization	-0.29	0.46
galaxy	-0.29	0.27
related	-0.29	0.19
emerging	-0.29	0.15
remembered	-0.29	1.48
development	-0.29	0.31
northeast	-0.28	0.24
dirt	-0.28	0.33
stunned	-0.28	0.76
flame	-0.28	0.55
europe	-0.28	0.44
opposition	-0.28	0.27
cream	-0.28	0.58
virginia	-0.28	0.39
chase	-0.28	0.59
growing	-0.28	0.55
chemical	-0.28	0.11
stake	-0.28	0.25
attention	-0.28	0.49
tear	-0.28	0.29
desert	-0.28	0.22
transport	-0.28	0.18
joint	-0.28	0.17
percentage	-0.28	0.35
ohio	-0.28	0.38
diversity	-0.28	0.75
testing	-0.27	0.14
wake	-0.27	0.59
receiving	-0.27	0.78
oscar	-0.27	0.60
plan	-0.27	0.43
imagine	-0.27	0.94
decades	-0.27	0.37
congress	-0.27	0.26
essence	-0.27	0.91
critical	-0.27	0.54
glass	-0.27	0.35
location	-0.27	0.75
linked	-0.27	0.14
helicopter	-0.27	0.15
sort	-0.27	1.14
regarding	-0.27	0.17
tradition	-0.27	0.93
cholesterol	-0.27	0.21
lieutenant	-0.27	0.20
dole	-0.27	0.40
heritage	-0.27	0.43
canada	-0.27	0.48
pilot	-0.27	0.10
prayer	-0.27	1.75
called	-0.27	1.17
challenge	-0.27	0.59
volunteers	-0.26	0.54
regulations	-0.26	0.17
companies	-0.26	0.46
manufacturing	-0.26	0.37
offices	-0.26	0.46
democracy	-0.26	0.29
remote	-0.26	0.16
period	-0.26	0.16
upstairs	-0.26	0.72
south	-0.26	0.34
trout	-0.26	0.58
vote	-0.26	0.34
assume	-0.26	0.58
imagination	-0.26	0.84
mistakes	-0.26	0.53
catholic	-0.26	1.35
lit	-0.26	0.60
fix	-0.26	0.88
mexico	-0.26	0.44
drama	-0.26	0.58
rule	-0.26	0.27
sample	-0.26	0.13
mission	-0.26	0.39
jet	-0.26	0.12
ships	-0.26	0.16
cops	-0.25	0.86
region	-0.25	0.30
launched	-0.25	0.12
grew	-0.25	0.70
pope	-0.25	1.30
located	-0.25	0.27
appeal	-0.25	0.16
universities	-0.25	0.56
forests	-0.25	0.23
voted	-0.25	0.29
quit	-0.25	0.66
product	-0.25	0.20
stream	-0.25	0.22
action	-0.25	0.19
facilities	-0.25	0.47
dealers	-0.25	0.21
muscles	-0.25	0.25
forgive	-0.25	2.41
coast	-0.25	0.20
treated	-0.25	0.38
ozone	-0.25	0.17
seed	-0.25	0.24
soil	-0.25	0.27
connecticut	-0.25	0.39
encourage	-0.25	0.47
die	-0.25	0.66
campaign	-0.25	0.30
solutions	-0.25	0.70
recommended	-0.25	0.76
ages	-0.25	1.32
savings	-0.25	0.50
luxury	-0.25	0.74
presidential	-0.25	0.38
california	-0.25	0.32
greek	-0.24	0.58
traditional	-0.24	0.58
supporters	-0.24	0.33
latin	-0.24	0.63
olive	-0.24	0.65
modern	-0.24	0.35
phase	-0.24	0.18
atlantic	-0.24	0.15
northwest	-0.24	0.22
thoughts	-0.24	0.37
mere	-0.24	0.25
stiff	-0.24	0.22
matters	-0.24	0.25
farmer	-0.24	0.92
louisiana	-0.24	0.35
northern	-0.24	0.37
build	-0.24	0.52
technological	-0.24	0.22
advertising	-0.24	0.20
emissions	-0.24	0.19
tales	-0.24	2.92
pay	-0.24	0.34
credit	-0.24	0.35
sudden	-0.24	0.63
tend	-0.24	0.68
leaves	-0.24	0.50
client	-0.24	0.87
governor	-0.24	0.38
gets	-0.24	1.07
command	-0.24	0.43
destroyed	-0.24	0.40
protein	-0.24	0.19
purposes	-0.24	0.26
manufacturers	-0.24	0.32
captain	-0.24	0.19
immediate	-0.23	0.61
scores	-0.23	0.64
organized	-0.23	0.24
revenue	-0.23	0.33
adult	-0.23	1.03
heat	-0.23	0.70
conscious	-0.23	0.53
salary	-0.23	0.38
arkansas	-0.23	0.34
universe	-0.23	0.57
coffee	-0.23	0.36
pennsylvania	-0.23	0.35
visits	-0.23	0.70
electric	-0.23	0.18
commission	-0.23	0.33
often	-0.23	0.76
wisconsin	-0.23	0.34
illinois	-0.23	0.34
islam	-0.23	1.10
arizona	-0.23	0.31
coverage	-0.23	0.55
despite	-0.23	0.35
coalition	-0.23	0.33
brazil	-0.23	0.47
dedicated	-0.23	0.65
elsewhere	-0.23	0.22
carolina	-0.23	0.34
creation	-0.23	0.76
financial	-0.23	0.62
invisible	-0.23	0.61
obviously	-0.23	0.73
oregon	-0.23	0.33
expensive	-0.23	0.29
politics	-0.23	0.32
gorbachev	-0.23	0.27
republicans	-0.23	0.37
bill	-0.23	0.30
goals	-0.23	0.28
florida	-0.22	0.33
michigan	-0.22	0.34
flying	-0.22	0.10
trace	-0.22	0.20
formation	-0.22	0.19
fuck	-0.22	1.09
texas	-0.22	0.33
majority	-0.22	0.24
iowa	-0.22	0.39
beef	-0.22	0.28
realized	-0.22	0.84
germany	-0.22	0.45
worldwide	-0.22	0.23
maryland	-0.22	0.37
bob	-0.22	0.65
annual	-0.22	0.31
wandered	-0.22	0.56
loaded	-0.22	0.14
bureau	-0.22	0.28
britain	-0.22	0.49
responded	-0.22	0.84
constitutional	-0.22	0.28
minnesota	-0.22	0.33
executives	-0.22	0.33
cracked	-0.22	0.29
scale	-0.22	0.53
senate	-0.22	0.33
dense	-0.22	0.37
mississippi	-0.22	0.30
glasses	-0.22	0.29
bone	-0.22	0.21
coal	-0.21	0.24
dollars	-0.21	0.30
income	-0.21	0.40
fault	-0.21	0.91
candidate	-0.21	0.42
independent	-0.21	0.24
junk	-0.21	0.78
flow	-0.21	0.18
british	-0.21	0.39
waste	-0.21	0.27
auto	-0.21	0.24
perception	-0.21	0.33
male	-0.21	1.11
foods	-0.21	0.24
pound	-0.21	0.45
annually	-0.21	0.36
reduction	-0.21	0.31
analysts	-0.21	0.20
clinton	-0.21	0.33
union	-0.21	0.36
wing	-0.21	0.19
grain	-0.21	0.22
blade	-0.21	0.27
improvement	-0.21	0.57
struck	-0.21	0.28
cutting	-0.21	0.22
la	-0.20	0.57
mountains	-0.20	0.16
kansas	-0.20	0.31
radiation	-0.20	0.18
purchased	-0.20	0.22
acid	-0.20	0.19
became	-0.20	0.73
angeles	-0.20	0.30
scholars	-0.20	0.66
ghost	-0.20	0.68
leaf	-0.20	0.42
rules	-0.20	0.20
bit	-0.20	0.89
storage	-0.20	0.27
victory	-0.20	0.23
competition	-0.20	0.28
aboard	-0.20	0.09
constitution	-0.20	0.30
central	-0.20	0.27
amount	-0.20	0.26
north	-0.20	0.29
bay	-0.20	0.29
discovered	-0.20	0.78
trade	-0.20	0.37
profession	-0.20	0.19
otherwise	-0.20	0.65
colleges	-0.20	0.57
f	-0.20	0.32
marketing	-0.20	0.21
noted	-0.20	0.57
performance	-0.20	0.59
opinion	-0.19	0.26
c	-0.19	0.33
distribution	-0.19	0.32
pot	-0.19	0.49
spanish	-0.19	0.37
test	-0.19	0.17
increase	-0.19	0.74
italy	-0.19	0.50
stir	-0.19	0.51
specifically	-0.19	0.14
assessment	-0.19	0.23
pour	-0.19	0.48
projected	-0.19	0.30
bowl	-0.19	0.40
monthly	-0.19	0.30
raw	-0.19	0.24
rail	-0.19	0.25
plane	-0.19	0.12
rejected	-0.19	0.24
categories	-0.19	0.25
educational	-0.19	0.51
money	-0.19	0.36
arguments	-0.19	0.25
guard	-0.19	0.21
engineers	-0.19	0.32
behavior	-0.19	0.60
excess	-0.19	0.25
cry	-0.19	0.52
vegetable	-0.18	0.45
burns	-0.18	0.50
plants	-0.18	0.32
knife	-0.18	0.22
considering	-0.18	0.93
politicians	-0.18	0.32
throughout	-0.18	0.21
normally	-0.18	0.55
contain	-0.18	0.27
historical	-0.18	0.47
mixture	-0.18	0.47
local	-0.18	0.44
republican	-0.18	0.39
search	-0.18	0.24
destroy	-0.18	0.36
jumping	-0.18	0.25
wished	-0.18	0.95
pride	-0.18	0.93
resources	-0.18	0.40
massive	-0.18	0.61
roughly	-0.18	0.28
river	-0.18	0.12
waters	-0.18	0.11
nest	-0.18	0.43
biggest	-0.18	0.88
leaders	-0.18	0.35
ground	-0.18	0.33
senator	-0.18	0.37
elections	-0.18	0.33
history	-0.18	0.38
motel	-0.18	0.69
fish	-0.18	0.11
profits	-0.18	0.38
issue	-0.18	0.32
id	-0.18	0.18
schools	-0.18	0.66
stones	-0.18	0.30
apple	-0.18	0.43
corn	-0.17	0.24
bathroom	-0.17	0.30
valley	-0.17	0.22
others	-0.17	0.60
hint	-0.17	0.72
markets	-0.17	0.38
solve	-0.17	0.48
billion	-0.17	0.34
realize	-0.17	0.82
comments	-0.17	0.20
democratic	-0.17	0.36
expectations	-0.17	0.19
characteristics	-0.17	0.22
th	-0.17	0.80
challenges	-0.17	0.55
operation	-0.17	0.22
agenda	-0.17	0.21
wiped	-0.17	0.46
bush	-0.17	0.31
amounts	-0.17	0.21
business	-0.17	0.30
association	-0.17	0.36
price	-0.17	0.25
especially	-0.17	0.76
delivery	-0.17	0.56
lightning	-0.17	0.36
fruit	-0.17	0.58
l	-0.17	0.38
childhood	-0.17	0.76
primarily	-0.17	0.21
heavy	-0.17	0.35
daine	-0.17	0.27
creek	-0.17	0.11
deeper	-0.16	0.59
french	-0.16	0.48
procedures	-0.16	0.18
giant	-0.16	0.30
boston	-0.16	0.38
occasional	-0.16	0.57
parts	-0.16	0.10
identity	-0.16	0.57
intellectual	-0.16	0.59
net	-0.16	0.30
volunteer	-0.16	0.45
addressed	-0.16	0.39
congressional	-0.16	0.30
deals	-0.16	0.22
belong	-0.16	0.81
journey	-0.16	0.78
experts	-0.16	0.15
ethics	-0.16	0.36
machines	-0.16	0.78
production	-0.16	0.21
e	-0.16	0.36
statistics	-0.16	0.19
earnings	-0.16	0.33
ship	-0.16	0.12
products	-0.16	0.20
tested	-0.16	0.16
usually	-0.16	0.73
supra	-0.16	0.13
islands	-0.16	0.16
stated	-0.16	0.49
landing	-0.16	0.07
character	-0.16	0.56
hills	-0.16	0.12
boats	-0.16	0.13
rent	-0.16	0.28
dealer	-0.16	0.17
desired	-0.16	0.42
cash	-0.16	0.48
affairs	-0.16	0.32
protected	-0.16	0.71
observers	-0.15	0.18
units	-0.15	0.12
ministry	-0.15	0.90
village	-0.15	0.71
frozen	-0.15	0.31
houston	-0.15	0.29
bread	-0.15	0.32
pat	-0.15	0.82
brings	-0.15	0.66
known	-0.15	0.89
gingrich	-0.15	0.34
resource	-0.15	0.38
orleans	-0.15	0.29
utility	-0.15	0.17
factor	-0.15	0.19
patch	-0.15	0.41
maintenance	-0.15	0.36
seattle	-0.15	0.27
launch	-0.15	0.11
grows	-0.15	0.70
dancing	-0.15	0.72
georgia	-0.15	0.31
representative	-0.15	0.30
remaining	-0.15	0.48
researchers	-0.15	0.18
elements	-0.15	0.25
salmon	-0.15	0.11
defend	-0.15	0.32
graham	-0.14	0.55
regardless	-0.14	0.52
scheme	-0.14	0.28
market	-0.14	0.28
add	-0.14	0.48
massachusetts	-0.14	0.33
service	-0.14	0.45
unlikely	-0.14	0.74
widespread	-0.14	0.22
estimate	-0.14	0.24
sounded	-0.14	0.56
standards	-0.14	0.19
flames	-0.14	0.48
management	-0.14	0.25
medium	-0.14	0.48
system	-0.14	0.21
energy	-0.14	0.22
without	-0.14	0.56
research	-0.14	0.21
lead	-0.14	0.29
deliver	-0.14	0.52
considered	-0.14	0.47
island	-0.14	0.20
establish	-0.14	0.51
parliament	-0.14	0.35
won	-0.14	0.58
capture	-0.14	0.35
study	-0.14	0.16
bessie	-0.14	0.83
scientists	-0.14	0.21
explained	-0.14	1.08
current	-0.13	0.19
sales	-0.13	0.26
visible	-0.13	0.36
save	-0.13	0.51
fields	-0.13	0.25
election	-0.13	0.33
ignored	-0.13	0.62
returned	-0.13	0.55
sites	-0.13	0.38
fortune	-0.13	0.53
astronomers	-0.13	0.18
combined	-0.13	0.25
christ	-0.13	1.67
overhead	-0.13	0.31
g	-0.13	0.25
lake	-0.13	0.11
wave	-0.13	0.49
operate	-0.13	0.25
harbor	-0.13	0.15
cop	-0.13	0.69
develop	-0.13	0.50
baking	-0.13	0.45
protecting	-0.13	0.18
national	-0.13	0.26
council	-0.13	0.27
pond	-0.13	0.13
overnight	-0.13	0.55
consideration	-0.13	0.19
leadership	-0.13	0.44
profit	-0.13	0.32
flew	-0.13	0.11
engineering	-0.13	0.19
gates	-0.13	0.92
seek	-0.13	0.57
conservative	-0.13	0.47
roads	-0.13	0.20
group	-0.13	0.39
tracks	-0.13	0.14
during	-0.13	0.25
views	-0.12	0.25
los	-0.12	0.29
proposal	-0.12	0.20
contributions	-0.12	0.30
task	-0.12	0.28
processes	-0.12	0.15
failure	-0.12	0.41
plant	-0.12	0.32
d	-0.12	0.34
board	-0.12	0.36
joined	-0.12	0.84
usual	-0.12	0.86
rocks	-0.12	0.22
dollar	-0.12	0.24
operating	-0.12	0.21
shore	-0.12	0.10
dallas	-0.12	0.24
east	-0.12	0.22
response	-0.12	0.18
memory	-0.12	0.30
firms	-0.12	0.47
building	-0.12	0.36
definitely	-0.12	1.00
levels	-0.12	0.28
support	-0.12	0.86
depend	-0.12	0.43
individual	-0.12	0.28
cleveland	-0.12	0.27
discover	-0.12	0.44
parks	-0.12	0.34
cake	-0.12	0.38
describes	-0.12	0.44
employees	-0.12	0.57
diego	-0.12	0.27
chips	-0.12	0.15
thus	-0.12	0.29
penny	-0.12	0.94
focus	-0.12	0.19
biological	-0.12	0.41
dreamed	-0.11	1.23
urged	-0.11	0.84
code	-0.11	0.16
miami	-0.11	0.26
tests	-0.11	0.15
increased	-0.11	0.69
findings	-0.11	0.11
asks	-0.11	0.82
strategy	-0.11	0.18
deep	-0.11	0.30
accounts	-0.11	0.48
strongly	-0.11	0.47
connections	-0.11	0.52
admission	-0.11	0.20
operations	-0.11	0.25
chicago	-0.11	0.29
delay	-0.11	0.19
tomatoes	-0.11	0.46
corporate	-0.11	0.36
somehow	-0.11	0.88
bass	-0.11	0.13
actual	-0.11	0.68
skiing	-0.11	0.20
atlanta	-0.11	0.35
aim	-0.11	0.22
practically	-0.11	0.48
pile	-0.11	0.23
demands	-0.11	0.31
west	-0.10	0.23
review	-0.10	0.18
seeds	-0.10	0.32
seemed	-0.10	0.69
sequence	-0.10	0.80
argue	-0.10	0.52
protection	-0.10	0.32
movement	-0.10	0.14
kind	-0.10	1.74
languages	-0.10	0.48
legs	-0.10	0.19
slice	-0.10	0.32
hips	-0.10	0.20
facility	-0.10	0.33
simply	-0.10	0.77
customers	-0.10	0.44
cut	-0.10	0.18
event	-0.10	0.27
wilde	-0.10	0.59
knee	-0.10	0.21
mainly	-0.10	0.26
convinced	-0.10	0.75
conventional	-0.10	0.20
detroit	-0.10	0.28
mg	-0.10	0.25
thinks	-0.10	0.74
broad	-0.10	0.79
declared	-0.10	0.40
mount	-0.10	0.53
worker	-0.10	0.63
t	-0.10	0.41
calories	-0.10	0.24
stars	-0.10	0.35
leader	-0.09	0.27
tough	-0.09	1.75
pie	-0.09	0.47
minimum	-0.09	0.21
doctor	-0.09	0.45
observing	-0.09	0.17
flight	-0.09	0.10
canyon	-0.09	0.12
checks	-0.09	0.40
leg	-0.09	0.20
belly	-0.09	0.26
discussed	-0.09	0.72
acquired	-0.09	0.44
fly	-0.09	0.09
ralph	-0.09	0.47
value	-0.09	0.29
completely	-0.09	0.62
priest	-0.09	1.52
sending	-0.09	0.51
buses	-0.09	0.24
mass	-0.09	0.19
endless	-0.09	0.77
survey	-0.09	0.10
increasing	-0.09	0.57
ii	-0.09	0.25
bother	-0.09	0.98
elected	-0.09	0.32
bare	-0.09	0.28
mountain	-0.09	0.10
plastic	-0.09	0.35
trapped	-0.09	0.41
estate	-0.09	0.71
crew	-0.09	0.08
shallow	-0.09	0.18
assembly	-0.09	0.22
democrats	-0.08	0.36
saw	-0.08	0.96
procedure	-0.08	0.12
archy	-0.08	0.72
heavily	-0.08	0.16
achieved	-0.08	0.55
separate	-0.08	0.16
lucky	-0.08	1.82
claims	-0.08	0.29
knees	-0.08	0.21
meat	-0.08	0.50
formed	-0.08	0.24
planet	-0.08	0.21
per	-0.08	0.19
lot	-0.08	1.14
falling	-0.08	0.22
r	-0.08	0.44
boat	-0.08	0.13
strategic	-0.08	0.20
railroad	-0.08	0.14
laboratory	-0.08	0.16
conducted	-0.08	0.11
engaged	-0.08	0.63
bridge	-0.08	0.23
routine	-0.08	0.17
visitor	-0.08	0.53
criteria	-0.08	0.20
tasks	-0.08	0.13
fishing	-0.08	0.12
rough	-0.08	0.45
woods	-0.08	0.17
instant	-0.08	0.49
church	-0.08	1.49
ha	-0.07	0.72
vast	-0.07	0.90
stick	-0.07	0.36
philadelphia	-0.07	0.27
structure	-0.07	0.21
term	-0.07	0.14
shed	-0.07	0.19
gm	-0.07	0.12
meant	-0.07	1.01
requirements	-0.07	0.19
similarly	-0.07	0.20
confirmed	-0.07	0.32
corporation	-0.07	0.35
materials	-0.07	0.12
personal	-0.07	0.40
france	-0.07	0.46
significantly	-0.07	0.55
gains	-0.07	0.38
capacity	-0.07	0.16
involve	-0.07	0.21
education	-0.07	0.56
capital	-0.07	0.45
ad	-0.07	0.23
bag	-0.07	0.27
children	-0.07	1.44
equipment	-0.07	0.15
concluded	-0.07	0.39
studies	-0.07	0.12
role	-0.07	0.20
produce	-0.07	0.22
san	-0.07	0.29
makes	-0.07	0.99
seemingly	-0.07	0.45
solar	-0.06	0.18
worth	-0.06	0.21
factory	-0.06	0.32
figure	-0.06	0.49
electricity	-0.06	0.19
dressed	-0.06	0.78
experiments	-0.06	0.13
rising	-0.06	0.31
planets	-0.06	0.18
fellow	-0.06	0.91
lab	-0.06	0.15
rim	-0.06	0.16
based	-0.06	0.18
forms	-0.06	0.22
measures	-0.06	0.20
typically	-0.06	0.28
existing	-0.06	0.16
headquarters	-0.06	0.18
genetic	-0.06	0.39
neck	-0.06	0.27
cycle	-0.06	0.17
being	-0.06	0.70
mill	-0.06	0.29
efficiency	-0.06	0.66
tiger	-0.06	1.02
sauce	-0.06	0.82
refrigerator	-0.06	0.22
control	-0.06	0.15
engineer	-0.06	0.29
level	-0.06	0.25
female	-0.05	0.95
besides	-0.05	1.10
tons	-0.05	0.27
overwhelming	-0.05	0.56
evaluation	-0.05	0.14
indicated	-0.05	0.29
account	-0.05	0.24
principles	-0.05	0.24
houses	-0.05	0.53
carter	-0.05	0.16
val	-0.05	0.28
cells	-0.05	0.33
meanwhile	-0.05	0.12
layer	-0.05	0.27
sold	-0.05	0.22
founded	-0.05	0.28
category	-0.05	0.30
committee	-0.05	0.18
virtually	-0.05	0.37
pan	-0.05	0.45
mouth	-0.05	0.40
hit	-0.05	0.64
fiber	-0.05	0.22
remove	-0.05	0.45
curtains	-0.05	0.36
collapsed	-0.05	0.14
gap	-0.05	0.13
cook	-0.05	0.45
jungle	-0.05	0.20
curtain	-0.05	0.28
technical	-0.05	0.23
wings	-0.05	0.18
columbia	-0.05	0.33
rice	-0.05	0.40
roy	-0.05	0.54
produced	-0.05	0.27
colorado	-0.05	0.26
rely	-0.05	0.29
gravel	-0.05	0.18
faith	-0.04	1.54
center	-0.04	0.33
cat	-0.04	0.40
form	-0.04	0.61
according	-0.04	0.11
weight	-0.04	0.15
dreams	-0.04	0.59
currently	-0.04	0.17
presence	-0.04	0.28
base	-0.04	0.15
alike	-0.04	0.55
either	-0.04	0.99
involves	-0.04	0.26
producers	-0.04	0.22
intensity	-0.04	0.57
made	-0.04	0.95
fall	-0.04	0.38
producing	-0.04	0.16
reagan	-0.04	0.21
cloth	-0.04	0.46
shadow	-0.04	0.23
tin	-0.04	0.32
shots	-0.04	0.30
nikos	-0.04	0.67
positive	-0.04	0.41
contemporary	-0.04	0.46
achieve	-0.04	0.59
seem	-0.04	0.84
volume	-0.04	0.23
criticism	-0.04	0.22
observation	-0.04	0.24
baltimore	-0.04	0.25
perform	-0.04	0.34
speech	-0.03	0.20
crushed	-0.03	0.47
dick	-0.03	0.78
analysis	-0.03	0.13
controls	-0.03	0.17
gathering	-0.03	0.14
consultant	-0.03	0.16
efforts	-0.03	0.35
cents	-0.03	0.21
periods	-0.03	0.18
ads	-0.03	0.17
granted	-0.03	0.37
earth	-0.03	0.15
poll	-0.03	0.12
approximately	-0.03	0.23
racing	-0.03	0.14
demanded	-0.03	0.87
places	-0.03	0.52
speaker	-0.03	0.23
limit	-0.03	0.25
vehicles	-0.03	0.09
showed	-0.03	0.39
release	-0.03	0.11
success	-0.03	0.20
fan	-0.03	0.25
customer	-0.03	0.26
less	-0.03	0.68
section	-0.03	0.21
grave	-0.03	0.86
marks	-0.03	0.18
arms	-0.03	0.21
demonstrated	-0.03	0.28
accent	-0.03	0.32
goods	-0.03	0.22
process	-0.03	0.17
systems	-0.03	0.19
half	-0.03	0.22
movies	-0.03	0.53
decision	-0.03	0.33
structures	-0.03	0.21
park	-0.03	0.22
content	-0.03	0.17
body	-0.02	0.33
teddy	-0.02	0.59
comet	-0.02	0.23
proposed	-0.02	0.18
representatives	-0.02	0.28
observations	-0.02	0.20
virtual	-0.02	0.18
application	-0.02	0.12
figured	-0.02	1.06
overall	-0.02	0.30
originally	-0.02	0.33
compared	-0.02	0.23
bills	-0.02	0.24
load	-0.02	0.21
moment	-0.02	0.47
distinct	-0.02	0.38
morris	-0.02	0.21
facing	-0.02	0.62
kicked	-0.02	0.34
general	-0.02	0.23
nearby	-0.02	0.29
activity	-0.02	0.16
telescope	-0.02	0.18
becomes	-0.02	0.57
drag	-0.02	0.42
ignore	-0.02	0.63
exception	-0.02	0.14
campus	-0.02	0.45
traveling	-0.02	0.56
moved	-0.02	0.62
birdy	-0.02	0.59
toxic	-0.01	0.39
members	-0.01	0.54
split	-0.01	0.61
sheer	-0.01	0.90
directly	-0.01	0.27
pool	-0.01	0.15
proved	-0.01	0.59
contribution	-0.01	0.19
cave	-0.01	0.12
tropical	-0.01	0.31
subject	-0.01	0.31
assigned	-0.01	0.19
advanced	-0.01	0.15
disappear	-0.01	0.49
nearest	-0.01	0.15
describe	-0.01	0.46
streets	-0.01	0.33
horizon	-0.01	0.36
world	-0.01	0.23
sale	-0.01	0.24
picking	-0.01	0.38
harris	-0.01	0.24
food	-0.01	0.25
strategies	-0.01	0.17
degrees	-0.01	0.30
indicate	-0.01	0.18
skin	-0.01	0.53
ridge	-0.01	0.08
hotels	-0.01	0.49
ones	-0.01	0.86
preferred	-0.01	0.73
gloves	-0.00	0.54
serving	-0.00	0.35
determine	-0.00	0.56
sweet	-0.00	1.36
particularly	-0.00	0.66
sensitive	-0.00	0.73
ginger	-0.00	0.49
daddy	-0.00	0.69
reported	-0.00	0.16
trucks	-0.00	0.07
pop	-0.00	1.11
glimpse	-0.00	0.30
subjects	-0.00	0.24
instrument	-0.00	0.31
washington	-0.00	0.27
number	-0.00	0.30
workers	-0.00	0.65
described	-0.00	0.58
compete	-0.00	0.16
grounds	-0.00	0.19
leading	-0.00	0.11
square	0.00	0.22
cooking	0.00	0.40
devoted	0.00	0.32
approval	0.00	0.12
ideas	0.00	0.28
teeth	0.00	0.37
deputy	0.00	0.24
awareness	0.00	0.32
advance	0.00	0.18
clothing	0.00	0.32
previously	0.00	0.26
depends	0.00	0.49
lifting	0.00	0.17
competitive	0.00	0.21
activities	0.00	0.45
preserve	0.00	0.23
space	0.00	0.17
thick	0.01	0.42
parent	0.01	1.08
beans	0.01	0.40
emerge	0.01	0.25
bought	0.01	0.18
managers	0.01	0.38
orders	0.01	0.39
eating	0.01	0.50
machine	0.01	0.13
investments	0.01	0.53
member	0.01	0.36
status	0.01	0.33
sad	0.01	1.33
owns	0.01	0.28
potatoes	0.01	0.40
shoulders	0.01	0.26
survive	0.01	0.55
observed	0.01	0.46
concerning	0.01	0.17
dug	0.01	0.16
surprised	0.01	0.95
identify	0.01	0.36
grass	0.01	0.33
hard	0.01	0.49
met	0.01	1.21
willie	0.01	0.26
enormous	0.01	0.84
checked	0.01	0.70
pine	0.01	0.22
obvious	0.01	0.44
university	0.01	0.33
philosophy	0.01	0.32
transfer	0.01	0.41
feathers	0.01	0.25
castle	0.01	0.26
practice	0.01	0.27
harvard	0.01	0.32
components	0.01	0.17
seasons	0.02	0.11
mysterious	0.02	1.75
outer	0.02	0.15
mothers	0.02	1.40
brain	0.02	0.28
acceptance	0.02	0.37
neighbors	0.02	0.95
em	0.02	1.06
chip	0.02	0.13
springs	0.02	0.24
choose	0.02	1.09
scope	0.02	0.24
appearance	0.02	0.49
fence	0.02	0.16
nearly	0.02	0.23
core	0.02	0.40
depth	0.02	0.69
gravity	0.02	0.17
generated	0.02	0.49
vegetables	0.02	0.42
identical	0.02	0.52
stirring	0.02	0.44
widely	0.02	0.41
map	0.02	0.18
model	0.02	0.15
perry	0.02	0.48
slope	0.02	0.11
unlike	0.02	0.19
skull	0.02	0.22
silly	0.02	1.17
experience	0.02	0.34
material	0.03	0.15
resist	0.03	0.39
rocky	0.03	0.08
staff	0.03	0.29
retail	0.03	0.23
cotton	0.03	0.52
bible	0.03	1.53
meaning	0.03	0.38
attract	0.03	0.29
emerged	0.03	0.30
naturally	0.03	0.30
constant	0.03	0.55
report	0.03	0.13
equivalent	0.03	0.27
cleared	0.03	0.29
investment	0.03	0.46
agent	0.03	0.43
collect	0.03	0.23
chicken	0.03	0.38
spoon	0.03	0.39
previous	0.03	0.19
concentrate	0.03	0.48
wondered	0.03	0.94
assured	0.03	0.68
chamber	0.03	0.21
smart	0.03	0.80
wound	0.04	0.44
harder	0.04	0.90
pounding	0.04	0.72
instructions	0.04	0.29
fame	0.04	0.50
darkness	0.04	0.33
theories	0.04	0.18
believes	0.04	0.61
approved	0.04	0.16
paris	0.04	0.32
highly	0.04	0.37
potential	0.04	0.40
wondering	0.04	0.84
explosion	0.04	0.47
swing	0.04	0.58
knows	0.04	0.82
mars	0.04	0.17
bringing	0.04	0.55
suits	0.04	0.43
passengers	0.04	0.19
company	0.04	0.32
peak	0.04	0.14
oven	0.04	0.53
easily	0.04	0.72
remember	0.04	1.00
age	0.04	1.26
middle	0.04	0.18
installed	0.04	0.11
surprise	0.04	0.78
judgment	0.04	0.48
bat	0.04	0.16
authority	0.04	0.56
device	0.04	0.15
disappeared	0.04	0.38
employed	0.04	0.27
ai	0.04	0.97
handle	0.04	0.41
wonder	0.04	0.96
rode	0.04	0.22
except	0.04	0.85
shelf	0.04	0.20
pounds	0.04	0.14
suggest	0.04	0.33
beach	0.04	0.13
landed	0.04	0.20
instruction	0.04	0.47
blocks	0.05	0.30
somewhat	0.05	0.58
surrounded	0.05	0.33
expert	0.05	0.29
ordered	0.05	0.39
examined	0.05	0.18
swim	0.05	0.21
experiment	0.05	0.15
selling	0.05	0.19
extremely	0.05	0.67
ben	0.05	0.58
changed	0.05	0.57
detailed	0.05	0.67
retirement	0.05	0.35
statement	0.05	0.16
morgan	0.05	0.47
issued	0.05	0.09
drivers	0.05	0.18
boards	0.05	0.19
marked	0.05	0.18
wives	0.05	1.47
robin	0.05	0.57
mention	0.05	0.65
nose	0.05	0.42
miles	0.05	0.16
startled	0.05	0.88
regularly	0.05	0.28
figures	0.05	0.19
possibility	0.05	0.43
possibilities	0.05	0.75
ski	0.05	0.18
critics	0.05	0.19
microsoft	0.05	0.21
airport	0.05	0.11
sun	0.05	0.44
example	0.05	0.43
parallel	0.05	0.12
tunnel	0.05	0.07
searching	0.05	0.31
barely	0.05	0.43
gradually	0.06	0.38
pockets	0.06	0.19
language	0.06	0.38
perspective	0.06	0.24
until	0.06	0.36
convention	0.06	0.27
block	0.06	0.28
participation	0.06	0.33
actor	0.06	0.50
spare	0.06	0.71
instance	0.06	0.25
scientific	0.06	0.20
real	0.06	1.87
declined	0.06	0.20
woke	0.06	0.46
site	0.06	0.19
thousand	0.06	0.22
interrupted	0.06	0.82
stuffed	0.06	0.21
cell	0.06	0.41
relations	0.06	0.43
employment	0.06	0.87
notice	0.06	0.87
s	0.06	0.31
almost	0.06	0.66
original	0.06	0.83
seems	0.06	0.77
surface	0.06	0.26
album	0.06	1.03
shut	0.06	0.35
division	0.06	0.17
unfortunately	0.06	0.68
bones	0.06	0.36
description	0.06	0.56
caught	0.06	0.49
obtained	0.06	0.23
basis	0.06	0.24
positions	0.06	0.18
cap	0.06	0.37
view	0.06	0.43
steep	0.06	0.10
visual	0.06	0.16
wire	0.06	0.22
plates	0.06	0.29
mechanism	0.07	0.19
genius	0.07	0.93
image	0.07	0.22
purse	0.07	0.19
brief	0.07	0.50
records	0.07	0.31
ears	0.07	0.25
professor	0.07	0.28
informed	0.07	0.60
ceiling	0.07	0.26
kate	0.07	0.54
common	0.07	0.15
gather	0.07	0.17
panel	0.07	0.11
pieces	0.07	0.23
expanded	0.07	0.84
p	0.07	0.43
box	0.07	0.24
reporting	0.07	0.12
deny	0.07	0.63
branch	0.07	0.12
forty	0.07	0.21
narrator	0.07	0.29
faculty	0.07	0.44
rubber	0.07	0.30
stone	0.07	0.19
trail	0.07	0.10
buying	0.07	0.21
plate	0.07	0.34
data	0.07	0.15
thinking	0.07	1.07
deck	0.08	0.09
objects	0.08	0.23
directions	0.08	0.15
year	0.08	0.19
fist	0.08	0.24
highway	0.08	0.15
harold	0.08	0.53
create	0.08	0.26
depending	0.08	0.49
academic	0.08	0.38
prove	0.08	0.54
average	0.08	0.25
hundred	0.08	0.22
passenger	0.08	0.11
built	0.08	0.45
parties	0.08	0.54
ingredients	0.08	0.67
serve	0.08	0.40
standard	0.08	0.18
triumph	0.08	0.69
assets	0.08	0.47
practical	0.08	0.82
cooked	0.08	0.36
jaw	0.08	0.28
classical	0.08	0.75
evidence	0.08	0.25
apply	0.08	0.22
within	0.08	0.16
eat	0.08	0.29
found	0.08	0.57
brushed	0.08	0.37
men	0.08	1.02
corners	0.08	0.25
tool	0.08	0.16
against	0.08	0.22
empty	0.09	0.30
fifty	0.09	0.23
effort	0.09	0.50
ease	0.09	0.71
entering	0.09	0.17
too	0.09	0.92
spokesman	0.09	0.25
define	0.09	0.33
label	0.09	0.28
mall	0.09	0.34
applications	0.09	0.23
software	0.09	0.16
strike	0.09	0.38
license	0.09	0.12
kinds	0.09	0.21
manhattan	0.09	0.32
waist	0.09	0.20
significant	0.09	0.54
garden	0.09	0.28
trees	0.09	0.31
convince	0.09	0.68
passage	0.09	0.22
tremendous	0.09	0.82
developed	0.09	0.23
many	0.09	0.27
spots	0.09	0.23
dig	0.09	0.14
vision	0.09	0.42
engine	0.09	0.12
lip	0.09	0.33
cabinet	0.09	0.11
saving	0.09	0.46
removed	0.09	0.20
defined	0.09	0.40
hook	0.09	0.18
impressive	0.09	0.79
secretary	0.09	0.25
tissue	0.09	0.32
rise	0.09	0.23
sections	0.09	0.13
stuck	0.09	0.27
position	0.09	0.29
rhythm	0.09	0.84
technology	0.09	0.16
valuable	0.09	0.42
prior	0.09	0.19
planted	0.09	0.30
jazz	0.09	1.10
shorts	0.10	0.55
pants	0.10	0.56
created	0.10	0.30
genes	0.10	0.34
ranging	0.10	0.20
eventually	0.10	0.52
stock	0.10	0.45
apparently	0.10	0.56
stayed	0.10	0.78
computer	0.10	0.16
twenty	0.10	0.22
tube	0.10	0.17
recent	0.10	0.15
benefit	0.10	0.75
lane	0.10	0.21
alarm	0.10	0.32
hide	0.10	0.29
importance	0.10	0.37
setting	0.10	0.35
screaming	0.10	0.36
shirts	0.10	0.59
beating	0.10	0.24
hears	0.10	0.41
technologies	0.10	0.18
different	0.10	0.21
request	0.10	0.21
shown	0.10	0.24
economics	0.10	0.34
thoroughly	0.10	0.57
floors	0.10	0.27
courage	0.10	1.01
giants	0.10	0.08
contract	0.10	0.19
layers	0.10	0.24
hat	0.10	0.45
plans	0.10	0.42
president	0.10	0.25
scream	0.10	0.35
nonetheless	0.10	0.23
york	0.11	0.25
closer	0.11	0.34
crucial	0.11	0.27
suggested	0.11	0.69
basically	0.11	0.62
argument	0.11	0.35
el	0.11	0.24
knowledge	0.11	0.26
piece	0.11	0.22
thirty	0.11	0.22
traffic	0.11	0.12
vehicle	0.11	0.09
jeans	0.11	0.57
road	0.11	0.10
uniform	0.11	0.43
gene	0.11	0.16
screamed	0.11	0.39
receive	0.11	1.03
spoke	0.11	0.86
lid	0.11	0.19
iron	0.11	0.23
meetings	0.11	0.83
document	0.11	0.17
frame	0.11	0.21
rushing	0.11	0.13
feet	0.11	0.15
pocket	0.11	0.17
five	0.11	0.22
disk	0.11	0.24
investors	0.11	0.47
ibm	0.11	0.26
recognize	0.11	0.69
candidates	0.11	0.59
containing	0.11	0.21
least	0.11	0.39
fork	0.11	0.24
cars	0.11	0.11
et	0.11	0.13
further	0.11	0.41
noise	0.11	0.44
computers	0.11	0.18
generate	0.11	0.23
respond	0.11	0.43
ronald	0.11	0.21
b	0.11	0.41
tight	0.12	0.18
alley	0.12	0.16
graduate	0.12	0.36
pointing	0.12	0.36
reality	0.12	0.43
raise	0.12	0.30
tongue	0.12	0.48
directors	0.12	0.26
luke	0.12	0.39
swimming	0.12	0.10
contrary	0.12	0.20
kennedy	0.12	0.20
fifteen	0.12	0.22
roof	0.12	0.16
town	0.12	0.58
professional	0.12	0.18
copper	0.12	0.32
track	0.12	0.16
upper	0.12	0.16
crossing	0.12	0.09
grow	0.12	0.35
breasts	0.12	0.26
approach	0.12	0.25
methods	0.12	0.14
seven	0.12	0.21
listed	0.12	0.23
however	0.12	0.55
whenever	0.12	0.67
spot	0.12	0.31
early	0.12	0.26
makeup	0.12	0.27
basket	0.12	0.24
quality	0.12	0.66
thirteen	0.12	0.34
fourteen	0.12	0.34
six	0.12	0.21
knocked	0.12	0.31
hole	0.12	0.19
concept	0.12	0.28
four	0.12	0.21
downtown	0.12	0.33
bearing	0.12	0.58
permit	0.12	0.23
three	0.12	0.21
indicates	0.13	0.17
motor	0.13	0.12
fixed	0.13	0.14
ireland	0.13	0.44
revealed	0.13	0.31
clubs	0.13	0.25
source	0.13	0.50
firm	0.13	0.36
lawn	0.13	0.17
route	0.13	0.13
advice	0.13	1.13
spend	0.13	0.28
lamp	0.13	0.34
ten	0.13	0.22
lift	0.13	0.28
bank	0.13	0.64
orbit	0.13	0.18
consulting	0.13	0.36
stewart	0.13	0.43
happening	0.13	1.06
eight	0.13	0.21
tomadakis	0.13	0.68
part	0.13	0.43
dressing	0.13	0.32
few	0.13	0.22
edges	0.13	0.28
finds	0.13	0.52
forehead	0.13	0.45
breaking	0.13	0.71
twelve	0.13	0.22
wanted	0.13	0.85
compare	0.13	0.22
note	0.13	0.16
manage	0.13	0.51
stocks	0.13	0.48
expanding	0.13	0.42
covering	0.13	0.18
eye	0.13	0.30
answers	0.13	0.23
although	0.13	0.65
users	0.13	0.29
nine	0.13	0.21
distance	0.13	0.32
index	0.14	0.39
additional	0.14	0.27
media	0.14	0.17
thought	0.14	0.96
row	0.14	0.18
main	0.14	0.13
blanket	0.14	0.25
believe	0.14	0.98
cage	0.14	0.12
grown	0.14	0.71
shares	0.14	0.42
little	0.14	0.90
quarter	0.14	0.21
oakland	0.14	0.31
happened	0.14	1.07
sell	0.14	0.20
ago	0.14	0.21
present	0.14	0.59
examine	0.14	0.30
question	0.14	0.46
meters	0.14	0.17
certainly	0.14	0.77
ford	0.14	0.09
whether	0.14	0.54
student	0.14	0.48
underneath	0.14	0.13
eleven	0.14	0.21
apart	0.14	0.15
reporters	0.14	0.12
around	0.14	0.13
reveal	0.14	0.14
trained	0.14	0.25
wool	0.14	0.59
rolling	0.14	0.16
drawing	0.14	0.19
climbing	0.14	0.12
repeat	0.14	0.23
near	0.15	0.12
reports	0.15	0.23
roses	0.15	1.04
busy	0.15	0.82
carrying	0.15	0.26
sounds	0.15	0.44
institute	0.15	0.22
involvement	0.15	0.24
farther	0.15	0.27
bucks	0.15	0.64
london	0.15	0.37
funds	0.15	0.49
method	0.15	0.24
understanding	0.15	0.34
yield	0.15	0.45
intelligence	0.15	0.59
worn	0.15	0.52
stadium	0.15	0.13
large	0.15	0.44
ap	0.15	0.23
plus	0.15	0.29
cart	0.15	0.20
returns	0.15	0.35
backward	0.15	0.26
station	0.15	0.12
cover	0.15	0.44
billy	0.15	0.55
passing	0.15	0.15
models	0.15	0.16
these	0.15	0.21
attempted	0.15	0.60
heels	0.15	0.29
mind	0.15	0.74
rock	0.15	0.54
spent	0.15	0.23
making	0.15	0.87
english	0.15	0.41
creating	0.15	0.51
hitting	0.15	0.23
loose	0.15	0.22
albert	0.15	0.74
rapidly	0.15	0.32
bottom	0.15	0.16
concrete	0.15	0.21
dim	0.16	0.58
fingers	0.16	0.38
college	0.16	0.41
nails	0.16	0.48
wagon	0.16	0.10
lives	0.16	0.85
visions	0.16	0.32
served	0.16	0.33
independence	0.16	0.63
keys	0.16	0.35
hill	0.16	0.09
trading	0.16	0.42
street	0.16	0.26
checking	0.16	0.28
cool	0.16	1.32
point	0.16	1.01
contest	0.16	0.30
platform	0.16	0.10
shifted	0.16	0.33
couple	0.16	0.21
bend	0.16	0.23
sharply	0.16	0.79
science	0.16	0.28
buy	0.16	0.21
extra	0.16	0.18
argues	0.16	0.25
under	0.16	0.20
portfolio	0.16	0.46
recorded	0.16	0.36
suit	0.16	0.48
limits	0.16	0.49
branches	0.16	0.47
bid	0.16	0.14
perhaps	0.16	0.82
discuss	0.16	0.50
times	0.16	0.16
retired	0.16	0.40
matter	0.16	0.94
bus	0.16	0.14
handling	0.16	0.39
mile	0.16	0.17
stations	0.16	0.10
climb	0.16	0.18
ward	0.16	0.25
saint	0.16	1.37
bent	0.16	0.19
electronic	0.16	0.16
hands	0.16	0.30
forgotten	0.16	0.81
yard	0.16	0.18
degree	0.16	0.26
immediately	0.16	0.49
prominent	0.16	0.51
architecture	0.17	0.26
clients	0.17	0.68
along	0.17	0.13
such	0.17	0.21
delivered	0.17	0.27
ata	0.17	1.06
rarely	0.17	0.52
facts	0.17	0.39
shoes	0.17	0.53
uses	0.17	0.60
star	0.17	0.26
file	0.17	0.11
blond	0.17	0.54
versions	0.17	0.28
dropping	0.17	0.14
pickup	0.17	0.12
images	0.17	0.18
chart	0.17	0.14
coat	0.17	0.44
broke	0.17	0.30
lower	0.17	0.29
catching	0.17	0.27
pair	0.17	0.54
cane	0.17	0.15
permission	0.17	0.43
showing	0.17	0.23
types	0.17	0.26
ordinary	0.17	0.58
resort	0.17	0.25
circles	0.17	0.60
office	0.17	0.20
bells	0.17	0.30
techniques	0.17	0.14
lincoln	0.17	0.12
nfl	0.17	0.06
script	0.17	0.24
intended	0.17	0.60
physics	0.17	0.16
robe	0.17	0.37
kitchen	0.17	0.24
twisted	0.17	0.19
attempts	0.18	0.57
banish	0.18	0.29
institution	0.18	0.36
increases	0.18	0.52
ceo	0.18	0.23
asleep	0.18	0.37
slight	0.18	0.68
sticks	0.18	0.27
gon	0.18	1.06
bike	0.18	0.11
creates	0.18	0.71
moon	0.18	0.35
hell	0.18	1.07
experiences	0.18	0.29
ways	0.18	0.47
halfway	0.18	0.09
words	0.18	0.27
comparison	0.18	0.19
analyst	0.18	0.30
dozen	0.18	0.24
adams	0.18	0.29
pattern	0.18	0.27
counted	0.18	0.25
sound	0.18	0.44
numerous	0.18	0.24
across	0.18	0.18
options	0.18	1.28
attracted	0.18	0.45
attached	0.18	0.18
debate	0.18	0.46
wide	0.18	0.22
trunk	0.18	0.15
communications	0.19	0.20
omitted	0.19	0.20
students	0.19	0.50
grocery	0.19	0.18
theory	0.19	0.26
failed	0.19	0.55
via	0.19	0.14
path	0.19	0.15
traveled	0.19	0.61
kit	0.19	0.94
button	0.19	0.12
trailer	0.19	0.13
jose	0.19	0.27
essential	0.19	0.22
design	0.19	0.21
sixteen	0.19	0.38
upward	0.19	0.18
manager	0.19	0.26
tray	0.19	0.26
sheet	0.19	0.22
hood	0.19	0.14
draw	0.19	0.35
bell	0.19	0.12
collar	0.19	0.41
worked	0.19	0.92
drawings	0.19	0.21
cooperation	0.19	0.32
counting	0.19	0.26
actors	0.19	0.30
interviews	0.19	0.14
inch	0.19	0.17
closet	0.19	0.16
maximum	0.19	0.31
burst	0.19	0.44
pole	0.19	0.14
garage	0.19	0.09
pushing	0.19	0.37
those	0.19	0.36
gym	0.19	0.17
liberal	0.19	0.49
assistant	0.19	0.23
jacket	0.19	0.44
thrust	0.20	0.26
classroom	0.20	0.42
ranks	0.20	0.15
earlier	0.20	0.29
heard	0.20	0.41
wilson	0.20	0.27
tall	0.20	0.56
finding	0.20	0.73
newly	0.20	0.28
tendency	0.20	0.56
signals	0.20	0.12
pray	0.20	1.34
attitude	0.20	0.86
chairman	0.20	0.30
carlos	0.20	0.24
lines	0.20	0.14
difference	0.20	0.76
narrow	0.20	0.13
led	0.20	0.28
cameras	0.20	0.13
throwing	0.20	0.31
approached	0.20	0.64
field	0.20	0.12
drawer	0.20	0.14
clerk	0.20	0.17
maintain	0.20	0.56
season	0.20	0.18
monitor	0.20	0.14
teachers	0.20	0.58
devices	0.20	0.15
belt	0.20	0.25
line	0.20	0.19
picture	0.20	0.17
digital	0.20	0.16
visiting	0.20	0.87
link	0.20	0.16
participate	0.20	0.19
x	0.20	0.24
couples	0.20	1.24
beyond	0.20	0.27
announced	0.20	0.53
himself	0.20	0.62
reduced	0.21	0.48
boone	0.21	0.51
yelled	0.21	0.50
boots	0.21	0.49
anything	0.21	1.00
pen	0.21	0.18
participants	0.21	0.52
bo	0.21	1.03
fail	0.21	0.58
carried	0.21	0.24
fallen	0.21	0.34
type	0.21	0.61
stolen	0.21	0.56
eaten	0.21	0.46
drives	0.21	0.22
managing	0.21	0.27
yet	0.21	0.82
reflected	0.21	0.33
gate	0.21	0.09
possibly	0.21	0.84
parked	0.21	0.08
drawn	0.21	0.14
store	0.21	0.17
much	0.21	1.06
foot	0.21	0.17
windows	0.21	0.21
brooklyn	0.21	0.53
daily	0.21	0.14
gain	0.21	0.24
major	0.21	0.54
press	0.21	0.24
explanation	0.21	0.31
indeed	0.21	0.67
heads	0.21	0.11
clay	0.21	0.17
gathered	0.21	0.13
shoulder	0.21	0.31
months	0.21	0.21
sleep	0.22	0.36
aside	0.22	0.26
high	0.22	0.31
established	0.22	0.30
several	0.22	0.21
minutes	0.22	0.32
roger	0.22	0.21
reason	0.22	0.79
venture	0.22	0.27
means	0.22	0.62
set	0.22	0.22
senior	0.22	0.31
offense	0.22	0.09
wears	0.22	0.57
pitch	0.22	0.18
driving	0.22	0.13
option	0.22	1.11
stretch	0.22	0.23
jump	0.22	0.39
encouraged	0.22	0.55
probably	0.22	1.04
shaped	0.22	0.70
combination	0.22	0.45
cheeks	0.22	0.55
straight	0.22	0.16
thumb	0.22	0.37
adding	0.22	0.60
mirror	0.22	0.29
arm	0.22	0.31
draft	0.22	0.14
dna	0.22	0.43
supply	0.22	0.44
duck	0.22	0.34
bore	0.22	0.20
screen	0.22	0.18
thrown	0.22	0.25
introduction	0.22	0.21
word	0.22	0.34
associate	0.22	0.30
any	0.22	0.85
palms	0.22	0.32
studied	0.22	0.51
wherever	0.22	0.30
brush	0.22	0.50
similar	0.22	0.19
windust	0.22	1.04
grandma	0.22	0.91
happens	0.22	1.00
dean	0.22	0.29
needed	0.22	0.63
drew	0.22	0.31
floor	0.22	0.15
notion	0.23	0.43
cries	0.23	0.35
ticket	0.23	0.15
backs	0.23	0.18
person	0.23	0.65
names	0.23	0.46
recently	0.23	0.33
sessions	0.23	0.29
passed	0.23	0.36
forward	0.23	0.18
chief	0.23	0.24
pictures	0.23	0.21
soup	0.23	0.67
whoever	0.23	0.67
train	0.23	0.17
gone	0.23	0.81
snapped	0.23	0.36
scientist	0.23	0.15
tickets	0.23	0.13
hopes	0.23	0.34
place	0.23	0.85
courtyard	0.23	0.17
raising	0.23	0.40
ladder	0.23	0.11
rushed	0.23	0.33
points	0.23	0.24
ensure	0.23	0.78
replace	0.23	0.27
super	0.23	0.12
whatever	0.23	0.95
yards	0.23	0.13
bar	0.23	0.27
rival	0.23	0.47
driver	0.23	0.08
applied	0.23	0.23
walls	0.23	0.29
chances	0.23	0.33
web	0.23	0.23
elbow	0.23	0.29
eyebrows	0.23	0.21
avenue	0.23	0.21
cabin	0.23	0.24
driveway	0.23	0.08
drop	0.23	0.31
wrist	0.23	0.27
direction	0.23	0.30
hardly	0.23	0.84
ever	0.23	1.03
wanting	0.23	0.74
veteran	0.24	0.13
various	0.24	0.21
teaching	0.24	0.47
myself	0.24	0.79
clearly	0.24	0.66
start	0.24	0.78
hearing	0.24	0.36
oak	0.24	0.25
heading	0.24	0.24
nothing	0.24	1.09
switched	0.24	0.14
phrase	0.24	0.24
introduced	0.24	0.46
reith	0.24	0.16
multiple	0.24	0.15
later	0.24	0.21
nor	0.24	0.64
address	0.24	0.19
parker	0.24	0.25
alexander	0.24	0.33
jason	0.24	0.23
warren	0.24	0.21
whisper	0.24	0.36
wrapped	0.24	0.18
internet	0.24	0.23
gained	0.24	0.51
blues	0.24	1.12
director	0.24	0.27
rope	0.24	0.15
addition	0.24	0.31
finally	0.24	0.55
since	0.24	0.35
explain	0.24	0.78
flesh	0.24	0.32
voices	0.24	0.42
may	0.24	0.70
likely	0.24	0.63
moving	0.24	0.71
consider	0.24	0.51
whole	0.24	0.63
stairs	0.24	0.17
drive	0.24	0.19
cab	0.24	0.08
satisfaction	0.24	0.63
files	0.24	0.23
off	0.24	0.17
late	0.25	0.29
neither	0.25	0.60
car	0.25	0.08
explains	0.25	0.49
skirt	0.25	0.56
away	0.25	0.22
apartment	0.25	0.26
backyard	0.25	0.20
bobby	0.25	0.63
flower	0.25	0.47
towards	0.25	0.18
push	0.25	0.35
grand	0.25	0.17
roles	0.25	0.44
vice	0.25	0.25
though	0.25	0.89
contained	0.25	0.22
throw	0.25	0.46
ramirez	0.25	0.24
brought	0.25	0.34
above	0.25	0.20
day	0.25	0.27
accepted	0.25	0.50
crowd	0.25	0.19
zone	0.25	0.33
ike	0.25	0.19
courses	0.25	0.36
satellite	0.25	0.14
principle	0.25	0.40
quickly	0.25	0.46
shall	0.25	0.37
finger	0.25	0.36
considerable	0.25	0.81
reflection	0.25	0.24
lose	0.25	0.49
naked	0.25	0.23
corridor	0.25	0.19
tossed	0.25	0.28
alongside	0.25	0.11
sport	0.25	0.10
earn	0.25	0.66
managed	0.25	0.63
pleasure	0.25	0.71
movements	0.25	0.79
palm	0.25	0.37
lean	0.25	0.23
craft	0.26	0.31
truck	0.26	0.10
share	0.26	0.32
exists	0.26	0.38
shouting	0.26	0.33
stopped	0.26	0.57
canvas	0.26	0.21
crossed	0.26	0.16
awake	0.26	0.49
wisdom	0.26	1.01
impossible	0.26	0.65
jones	0.26	0.24
carpet	0.26	0.20
tape	0.26	0.20
ross	0.26	0.20
de	0.26	0.23
fell	0.26	0.25
bow	0.26	0.37
between	0.26	0.25
curve	0.26	0.26
pressed	0.26	0.27
roll	0.26	0.42
greg	0.26	0.39
crowded	0.26	0.17
string	0.26	0.20
hair	0.26	0.27
gordon	0.26	0.25
make	0.26	0.82
employee	0.26	0.42
fewer	0.26	0.35
envelope	0.26	0.07
universal	0.26	1.03
items	0.26	0.19
forth	0.26	0.18
toward	0.26	0.21
tip	0.26	0.45
doors	0.26	0.12
visit	0.26	0.79
counter	0.26	0.16
floating	0.26	0.67
executive	0.26	0.23
fans	0.26	0.15
reaching	0.26	0.17
greater	0.27	0.44
bishop	0.27	1.02
face	0.27	0.32
far	0.27	0.80
specific	0.27	0.19
faces	0.27	0.21
text	0.27	0.36
scored	0.27	0.14
leather	0.27	0.44
steal	0.27	0.49
easier	0.27	0.80
days	0.27	0.22
eager	0.27	0.68
wearing	0.27	0.59
abruptly	0.27	0.37
shirt	0.27	0.58
boxing	0.27	0.13
title	0.27	0.19
laughter	0.27	0.38
rear	0.27	0.11
olympic	0.27	0.12
van	0.27	0.07
gray	0.27	0.52
window	0.27	0.18
holland	0.27	0.24
headed	0.27	0.32
salad	0.27	0.65
hallway	0.27	0.20
networks	0.27	0.16
usa	0.27	0.13
anywhere	0.27	1.00
glory	0.27	1.13
schedule	0.27	0.27
video	0.27	0.17
lawrence	0.27	0.41
slightly	0.27	0.36
key	0.27	0.30
basement	0.27	0.17
helped	0.27	0.62
sources	0.27	0.58
wall	0.27	0.16
tended	0.27	0.57
choice	0.27	0.99
ends	0.27	0.13
afterward	0.28	0.35
full	0.28	0.52
sliding	0.28	0.20
ought	0.28	1.02
delany	0.28	0.69
seconds	0.28	0.26
attempt	0.28	0.60
purchase	0.28	0.61
slammed	0.28	0.25
everywhere	0.28	0.41
resolution	0.28	0.22
tried	0.28	0.68
shout	0.28	0.34
door	0.28	0.16
shows	0.28	0.15
winning	0.28	0.18
tied	0.28	0.15
elevator	0.28	0.15
alex	0.28	0.25
alone	0.28	0.42
briefly	0.28	0.21
hub	0.28	0.23
else	0.28	1.02
chin	0.28	0.38
beginning	0.28	0.35
literally	0.28	0.44
flag	0.28	0.49
school	0.28	0.52
swung	0.28	0.29
teacher	0.28	0.63
deal	0.28	0.73
talking	0.28	0.73
sides	0.28	0.18
outside	0.28	0.17
slip	0.28	0.28
prepare	0.28	0.30
expecting	0.28	0.76
conference	0.29	0.23
atop	0.29	0.19
learning	0.29	0.60
remain	0.29	0.48
sidewalk	0.29	0.12
dragged	0.29	0.26
instruments	0.29	0.27
understand	0.29	0.90
agreed	0.29	0.55
continue	0.29	0.49
self	0.29	0.68
louis	0.29	0.49
harry	0.29	0.25
owner	0.29	0.44
bedroom	0.29	0.22
lock	0.29	0.13
paper	0.29	0.17
rapid	0.29	0.54
entrance	0.29	0.10
ride	0.29	0.15
boys	0.29	0.90
absence	0.29	0.31
shops	0.29	0.26
adopted	0.29	0.43
furniture	0.29	0.21
appeared	0.29	0.38
admits	0.29	0.48
entered	0.29	0.30
picked	0.29	0.29
na	0.29	1.08
able	0.29	0.70
wore	0.29	0.61
determined	0.29	0.43
nights	0.29	0.31
outdoor	0.29	0.21
sky	0.29	0.49
hours	0.29	0.21
house	0.29	0.21
examples	0.30	0.35
instantly	0.30	0.60
nobody	0.30	1.00
folded	0.30	0.18
classes	0.30	0.45
disney	0.30	0.93
ear	0.30	0.32
entertainment	0.30	0.23
paint	0.30	0.29
jellie	0.30	0.54
again	0.30	0.42
safety	0.30	0.46
loud	0.30	0.42
elementary	0.30	0.62
weeks	0.30	0.20
edge	0.30	0.16
greatest	0.30	0.66
smaller	0.30	0.60
carry	0.30	0.34
fully	0.30	0.57
ahead	0.30	0.37
placed	0.30	0.23
putting	0.30	0.75
hoped	0.30	0.63
founder	0.30	0.30
singer	0.30	1.09
hand	0.30	0.36
helping	0.30	0.59
channels	0.30	0.13
horn	0.30	0.18
walter	0.30	0.24
beneath	0.30	0.28
sank	0.30	0.24
laughing	0.30	0.52
architect	0.30	0.33
math	0.30	0.40
refused	0.31	0.64
fabric	0.31	0.41
already	0.31	0.81
below	0.31	0.19
tie	0.31	0.36
larger	0.31	0.61
trying	0.31	0.67
progress	0.31	0.48
onto	0.31	0.15
fundamental	0.31	0.40
measure	0.31	0.46
stopping	0.31	0.35
corner	0.31	0.14
flat	0.31	0.31
tightly	0.31	0.18
order	0.31	0.61
struggled	0.31	0.51
sets	0.31	0.28
among	0.31	0.54
pencil	0.31	0.17
stores	0.31	0.21
nurse	0.31	0.68
unable	0.31	0.65
reached	0.31	0.34
largest	0.31	0.44
subtle	0.31	0.49
relevant	0.31	0.21
questions	0.31	0.39
lowered	0.31	0.20
typical	0.31	0.43
johnny	0.31	0.28
arrived	0.31	0.45
designer	0.31	0.24
theater	0.31	0.37
pulling	0.31	0.30
limited	0.31	0.53
find	0.31	0.73
artistic	0.31	0.43
very	0.31	0.72
pillow	0.31	0.22
studying	0.31	0.37
carries	0.32	0.25
element	0.32	0.35
including	0.32	0.27
network	0.32	0.13
backed	0.32	0.34
babies	0.32	1.11
sought	0.32	0.50
slid	0.32	0.26
longer	0.32	0.85
jumped	0.32	0.35
faster	0.32	0.61
lobby	0.32	0.21
boss	0.32	0.55
lonny	0.32	0.25
madison	0.32	0.22
opened	0.32	0.23
forget	0.32	0.97
help	0.32	0.66
ball	0.32	0.17
training	0.32	0.32
photos	0.32	0.17
head	0.32	0.23
derek	0.32	0.23
pushed	0.32	0.32
walked	0.32	0.42
taking	0.32	0.77
shop	0.32	0.23
raises	0.32	0.23
hits	0.32	0.26
jan	0.32	0.29
wider	0.32	0.56
open	0.32	0.16
impressed	0.32	1.01
vital	0.32	0.26
tucked	0.32	0.19
told	0.32	1.44
climbed	0.32	0.28
record	0.32	0.18
beard	0.32	0.23
variety	0.32	0.26
pretty	0.32	1.66
league	0.32	0.12
coaches	0.32	0.10
grasp	0.32	0.35
use	0.32	0.44
stretched	0.32	0.17
necessary	0.33	0.42
went	0.33	0.52
touch	0.33	0.70
none	0.33	0.84
hanging	0.33	0.21
dalton	0.33	0.46
shorter	0.33	0.60
library	0.33	0.24
teams	0.33	0.12
falls	0.33	0.34
dare	0.33	0.62
eyes	0.33	0.27
anyone	0.33	0.94
dennis	0.33	0.22
freedom	0.33	0.52
porch	0.33	0.16
dorothy	0.33	0.81
happen	0.33	1.07
higher	0.33	0.45
ability	0.33	0.40
doubt	0.33	0.54
appropriate	0.33	0.30
replaced	0.33	0.28
athletic	0.33	0.14
gaze	0.33	0.44
hall	0.33	0.21
slipped	0.33	0.31
side	0.33	0.13
agreement	0.33	0.17
hour	0.33	0.28
sid	0.33	0.22
reducing	0.33	0.43
meeting	0.33	0.37
came	0.33	0.64
initially	0.33	0.30
sports	0.33	0.10
walking	0.33	0.32
threw	0.33	0.32
baker	0.34	0.21
interior	0.34	0.31
fill	0.34	0.46
why	0.34	1.07
represents	0.34	0.55
begun	0.34	0.46
inches	0.34	0.24
ourselves	0.34	0.61
grabbed	0.34	0.35
connection	0.34	0.38
carrie	0.34	0.24
providing	0.34	1.16
curled	0.34	0.22
band	0.34	0.85
contains	0.34	0.57
certain	0.34	0.27
reach	0.34	0.44
beds	0.34	0.75
appointment	0.34	0.27
spain	0.34	0.47
midst	0.34	0.46
ran	0.34	0.36
lifted	0.34	0.27
begin	0.34	0.43
concert	0.34	0.62
mumford	0.34	0.24
forgot	0.34	0.65
effective	0.34	0.33
slept	0.34	0.53
reference	0.34	0.35
put	0.34	0.34
behind	0.34	0.17
grab	0.34	0.38
earned	0.34	0.30
achievement	0.34	0.24
taught	0.35	0.57
exactly	0.35	1.09
championship	0.35	0.16
urge	0.35	0.62
extraordinary	0.35	0.86
closed	0.35	0.20
sent	0.35	0.27
speak	0.35	0.56
dropped	0.35	0.28
messages	0.35	0.12
decide	0.35	0.59
phil	0.35	0.24
helps	0.35	0.62
pulled	0.35	0.30
stage	0.35	0.42
decided	0.35	0.72
extensive	0.35	0.47
never	0.35	0.96
copies	0.35	0.33
lights	0.35	0.50
logic	0.35	0.40
alliance	0.35	0.55
music	0.35	0.62
club	0.35	0.15
radio	0.35	0.17
george	0.35	0.28
asking	0.35	0.73
wooden	0.35	0.23
cable	0.35	0.13
information	0.35	0.43
flavor	0.35	1.77
shouted	0.35	0.42
inner	0.35	0.46
unless	0.35	0.78
players	0.35	0.13
broadway	0.35	0.40
definition	0.35	0.46
prepared	0.35	0.48
ricky	0.35	0.24
ca	0.35	0.78
closing	0.35	0.19
relatives	0.35	1.26
miracle	0.35	0.80
dead	0.35	1.38
break	0.35	0.56
dish	0.35	0.63
strength	0.35	0.61
hoping	0.35	0.67
staring	0.35	0.43
lie	0.35	0.54
interview	0.35	0.13
ya	0.35	1.07
rolled	0.35	0.28
bernzy	0.35	0.24
twice	0.36	0.21
speaking	0.36	0.65
watched	0.36	0.60
themselves	0.36	0.50
designed	0.36	0.55
quite	0.36	0.89
memorial	0.36	0.24
once	0.36	0.74
allowing	0.36	0.58
performed	0.36	0.33
followed	0.36	0.40
douglas	0.36	0.32
holes	0.36	0.50
broadcast	0.36	0.09
golf	0.36	0.10
wood	0.36	0.32
thin	0.36	0.29
fashion	0.36	0.22
england	0.36	0.47
stepped	0.36	0.44
somewhere	0.36	0.82
chain	0.36	0.19
covers	0.36	0.16
willing	0.36	0.71
held	0.36	0.26
began	0.36	0.43
papers	0.36	0.25
superior	0.36	1.55
offensive	0.36	0.13
photographs	0.36	0.19
scholarship	0.36	0.30
hundreds	0.36	0.49
arrive	0.36	0.28
required	0.36	0.41
idea	0.36	1.03
class	0.36	0.49
exercise	0.36	0.27
blaze	0.36	0.55
long	0.37	0.26
drove	0.37	0.37
took	0.37	0.40
speed	0.37	0.23
mail	0.37	0.10
laid	0.37	0.22
step	0.37	0.35
producer	0.37	0.23
tv	0.37	0.15
forced	0.37	0.68
directed	0.37	0.24
howard	0.37	0.24
signed	0.37	0.10
fast	0.37	0.34
reputation	0.37	0.40
artists	0.37	0.37
locked	0.37	0.17
champion	0.37	0.14
grip	0.37	0.21
room	0.37	0.24
opposite	0.37	0.16
lay	0.37	0.25
associates	0.37	0.54
allowed	0.37	0.64
sense	0.37	0.62
team	0.37	0.12
correct	0.37	0.53
hired	0.37	0.40
asked	0.37	0.73
television	0.37	0.15
lap	0.37	0.17
painter	0.37	0.19
holding	0.37	0.30
tournament	0.37	0.13
bonds	0.37	0.74
hesitated	0.38	0.62
actually	0.38	0.99
bring	0.38	0.50
parents	0.38	1.34
approaching	0.38	0.26
slowly	0.38	0.28
thing	0.38	1.19
junior	0.38	0.42
allow	0.38	0.49
recognition	0.38	0.43
meal	0.38	0.54
plays	0.38	0.42
teach	0.38	0.53
wo	0.38	0.77
packed	0.38	0.41
baseball	0.38	0.11
front	0.38	0.22
anybody	0.38	0.97
successful	0.38	0.60
refuse	0.38	0.64
flash	0.38	0.43
older	0.38	1.08
nicole	0.38	0.22
tennis	0.38	0.11
portrait	0.38	0.25
lists	0.38	0.28
news	0.38	0.16
former	0.38	0.34
hurried	0.38	0.39
learn	0.38	0.38
end	0.38	0.18
speaks	0.38	0.32
leaving	0.38	0.45
tools	0.38	0.37
month	0.38	0.26
seats	0.38	0.14
man	0.38	0.66
portion	0.38	0.46
studio	0.39	0.25
lightly	0.39	0.42
print	0.39	0.31
might	0.39	0.82
technique	0.39	0.35
marshall	0.39	0.46
maintained	0.39	0.68
booth	0.39	0.10
run	0.39	0.52
games	0.39	0.13
cast	0.39	0.26
johnson	0.39	0.20
message	0.39	0.26
clock	0.39	0.23
inside	0.39	0.20
opening	0.39	0.25
accept	0.39	0.56
unusual	0.39	1.50
shaking	0.39	0.45
fact	0.39	0.67
starting	0.39	0.54
mild	0.39	2.24
hank	0.39	0.22
things	0.39	1.12
channel	0.39	0.14
try	0.39	0.74
excited	0.39	1.35
barry	0.39	0.17
bruce	0.39	0.23
letting	0.39	0.71
catch	0.39	0.37
reporter	0.39	0.24
comment	0.39	0.47
suggests	0.39	0.46
defensive	0.39	0.10
solution	0.39	0.37
handed	0.40	0.41
telephone	0.40	0.12
anymore	0.40	1.00
shakespeare	0.40	0.44
must	0.40	0.72
principal	0.40	0.35
clark	0.40	0.38
expect	0.40	0.83
chose	0.40	0.55
royal	0.40	0.73
toys	0.40	0.56
survivors	0.40	1.14
game	0.40	0.12
comes	0.40	0.50
should	0.40	0.79
weekly	0.40	0.25
precisely	0.40	0.45
discovery	0.40	0.34
raised	0.40	0.32
photograph	0.40	0.28
rested	0.40	0.19
monty	0.40	0.65
film	0.40	0.35
slapped	0.40	0.27
photo	0.40	0.14
stood	0.40	0.49
lucian	0.40	0.20
balls	0.40	0.43
stranger	0.40	0.42
watching	0.40	0.44
downstairs	0.40	0.21
pass	0.40	0.40
shape	0.40	0.41
series	0.40	0.23
missed	0.40	1.24
lewis	0.40	0.31
breaks	0.40	0.28
wants	0.40	0.66
toes	0.40	0.48
brian	0.40	0.24
andy	0.40	0.38
ext	0.40	0.20
faded	0.41	0.61
cross	0.41	0.18
explore	0.41	0.30
bed	0.41	0.26
does	0.41	0.89
drops	0.41	0.28
absolutely	0.41	0.69
ta	0.41	1.06
aggressive	0.41	0.48
card	0.41	0.10
jackson	0.41	0.24
buried	0.41	0.49
younger	0.41	1.26
appears	0.41	0.27
sheila	0.41	0.81
coach	0.41	0.10
folks	0.41	0.57
danny	0.41	0.20
own	0.41	0.50
pro	0.41	0.10
gerald	0.41	0.14
somebody	0.41	0.88
both	0.41	0.36
dark	0.41	0.47
closely	0.41	0.41
breakfast	0.41	0.47
painting	0.41	0.25
looked	0.41	0.61
sleeping	0.41	0.26
invest	0.41	0.72
pretend	0.41	0.95
steps	0.41	0.18
peered	0.41	0.48
yourself	0.42	0.76
pointed	0.42	0.53
bond	0.42	0.74
move	0.42	0.59
richard	0.42	0.28
century	0.42	0.48
hung	0.42	0.21
amazing	0.42	0.83
short	0.42	0.25
rubbed	0.42	0.29
arrangements	0.42	0.36
sunlight	0.42	0.57
joseph	0.42	0.50
fund	0.42	0.74
attended	0.42	0.48
selected	0.42	0.41
jewelry	0.42	0.28
dignity	0.42	0.71
frank	0.42	0.26
journal	0.42	0.31
dan	0.42	0.25
football	0.42	0.11
afternoon	0.42	0.35
standing	0.42	0.38
something	0.43	1.03
page	0.43	0.27
listened	0.43	0.68
couch	0.43	0.22
documents	0.43	0.43
coming	0.43	0.86
smith	0.43	0.67
having	0.43	0.69
running	0.43	0.46
serves	0.43	0.72
editor	0.43	0.31
pressing	0.43	0.25
musical	0.43	0.54
lets	0.43	0.55
while	0.43	0.48
anthony	0.43	0.28
planned	0.43	0.50
rest	0.43	0.46
turned	0.43	0.53
seat	0.43	0.17
waited	0.43	0.55
parking	0.43	0.45
nick	0.43	0.25
martin	0.43	0.41
basketball	0.43	0.11
stare	0.43	0.39
glance	0.43	0.43
contrast	0.43	0.36
kids	0.43	0.87
proud	0.43	1.43
rooms	0.43	0.83
fairly	0.43	0.62
trips	0.43	0.29
visitors	0.43	0.67
extended	0.43	0.77
enough	0.43	0.75
fathers	0.43	1.25
sufficient	0.44	0.30
hollywood	0.44	0.51
carefully	0.44	0.33
wishes	0.44	0.37
dawn	0.44	0.24
sheets	0.44	0.54
passes	0.44	0.23
differently	0.44	0.74
talent	0.44	0.41
relative	0.44	0.58
leaning	0.44	0.25
lesson	0.44	0.41
pull	0.44	0.45
light	0.44	0.59
int	0.44	0.21
gave	0.44	0.63
expression	0.44	0.53
sometime	0.44	0.30
desk	0.44	0.14
stared	0.44	0.59
player	0.44	0.19
tells	0.44	1.29
need	0.44	0.83
resting	0.44	0.20
ted	0.44	0.29
editorial	0.44	0.31
paused	0.44	0.58
online	0.44	0.57
august	0.44	0.33
adam	0.45	0.25
started	0.45	0.57
pearl	0.45	0.20
afford	0.45	0.48
fox	0.45	0.21
movie	0.45	0.41
important	0.45	0.41
hang	0.45	0.46
played	0.45	0.37
list	0.45	0.28
november	0.45	0.28
closest	0.45	0.71
commitment	0.45	0.75
life	0.45	0.37
chair	0.45	0.19
round	0.45	0.32
glanced	0.45	0.60
turn	0.45	0.57
stop	0.45	0.66
infant	0.45	1.09
april	0.45	0.32
tree	0.45	0.35
kenny	0.45	0.53
clayton	0.45	0.28
blinked	0.45	0.52
walk	0.45	0.46
live	0.45	0.60
last	0.45	0.27
send	0.45	0.33
together	0.45	0.17
rod	0.46	0.45
editors	0.46	0.35
allen	0.46	0.24
added	0.46	0.49
ready	0.46	0.74
motion	0.46	0.46
march	0.46	0.33
larry	0.46	0.21
sunset	0.46	0.28
dishes	0.46	0.62
tony	0.46	0.20
article	0.46	0.32
brick	0.46	0.62
presented	0.46	0.43
desire	0.46	0.69
laugh	0.46	0.54
return	0.46	0.20
gazed	0.46	0.57
printed	0.46	0.30
us	0.46	0.76
supper	0.46	0.29
relatively	0.46	0.50
squeezed	0.46	0.26
songs	0.46	0.83
receiver	0.46	0.14
academy	0.47	0.24
height	0.47	0.47
paintings	0.47	0.26
sigh	0.47	0.43
received	0.47	0.63
night	0.47	0.30
tries	0.47	0.52
fantasy	0.47	1.04
lack	0.47	0.35
yesterday	0.47	0.21
beside	0.47	0.25
promising	0.47	0.39
table	0.47	0.20
expected	0.47	0.80
toy	0.47	0.35
honor	0.47	0.46
show	0.47	0.21
item	0.47	0.38
mike	0.47	0.23
giving	0.47	0.86
newspapers	0.47	0.32
exchange	0.47	0.36
background	0.47	0.59
tim	0.47	0.27
precious	0.47	0.55
normal	0.47	0.44
skill	0.47	0.39
tamborel	0.47	0.22
measured	0.47	0.58
steve	0.47	0.21
iii	0.48	0.35
copy	0.48	0.31
stephen	0.48	0.26
leads	0.48	0.23
letters	0.48	0.18
kevin	0.48	0.21
arrival	0.48	0.66
films	0.48	0.40
caroline	0.48	0.30
tell	0.48	0.97
twins	0.48	0.88
big	0.48	0.89
cards	0.48	0.35
taken	0.48	0.54
peter	0.48	0.35
leo	0.48	0.15
notes	0.48	0.30
succeed	0.48	0.42
chairs	0.48	0.17
don	0.48	0.21
travel	0.48	0.37
michael	0.48	0.27
carved	0.48	0.33
quietly	0.48	0.40
follow	0.48	0.47
soon	0.48	0.71
buddy	0.48	0.94
letter	0.48	0.22
rises	0.48	0.24
itself	0.49	0.41
sat	0.49	0.35
julian	0.49	0.25
january	0.49	0.31
paul	0.49	0.44
q	0.49	0.81
jay	0.49	0.25
lying	0.49	0.36
touching	0.49	0.37
waiting	0.49	0.44
calls	0.49	0.41
february	0.49	0.30
profile	0.49	0.59
staying	0.49	0.43
range	0.49	0.55
bench	0.49	0.21
capable	0.49	0.51
looking	0.49	0.62
everyone	0.49	0.78
foster	0.49	0.76
awards	0.49	0.25
discussion	0.49	0.46
promises	0.50	0.35
skills	0.50	0.42
someone	0.50	0.85
artist	0.50	0.26
cried	0.50	0.50
angle	0.50	0.21
turning	0.50	0.44
sitting	0.50	0.27
mitchell	0.50	0.38
waved	0.50	0.50
david	0.50	0.22
newspaper	0.50	0.34
repeated	0.50	0.55
maybe	0.50	1.15
mark	0.50	0.21
snelgrave	0.50	0.27
feature	0.50	0.46
initial	0.50	0.48
jordan	0.50	0.51
let	0.50	0.79
alan	0.50	0.25
sake	0.50	0.86
jack	0.50	0.32
substantial	0.50	0.59
peony	0.50	0.58
answered	0.51	0.63
count	0.51	0.94
virgin	0.51	0.85
shoe	0.51	0.47
used	0.51	0.46
muttered	0.51	0.57
anyway	0.51	1.12
hotel	0.51	0.32
requires	0.51	0.55
shortly	0.51	0.35
roberta	0.51	0.22
sophisticated	0.51	0.43
adds	0.51	0.56
hollow	0.51	0.59
born	0.51	1.24
joe	0.51	0.28
crown	0.51	0.80
invited	0.52	0.72
jim	0.52	0.22
answering	0.52	0.30
finish	0.52	0.42
preparing	0.52	0.38
kimberly	0.52	0.87
dozens	0.52	0.42
remained	0.52	0.50
funeral	0.52	1.05
pete	0.52	0.39
james	0.52	0.33
wan	0.52	1.03
shook	0.52	0.57
obtain	0.52	0.53
each	0.52	0.54
june	0.52	0.32
enthusiasm	0.52	0.69
leaned	0.52	0.43
october	0.52	0.32
course	0.52	1.09
abstract	0.52	0.52
charlie	0.52	0.97
rose	0.52	0.39
party	0.52	0.51
rubin	0.52	0.49
steven	0.52	0.28
lessons	0.52	0.57
publisher	0.53	0.41
exit	0.53	0.30
singing	0.53	0.51
knock	0.53	0.67
september	0.53	0.32
piano	0.53	0.51
doug	0.53	0.26
take	0.53	0.66
pursuit	0.53	0.63
strangers	0.53	0.67
family	0.53	1.25
reading	0.53	0.29
andrew	0.53	0.25
frowned	0.54	0.58
settled	0.54	0.50
hero	0.54	0.69
july	0.54	0.25
easy	0.54	0.61
remains	0.54	0.43
ask	0.54	0.75
learned	0.54	1.40
authors	0.54	0.49
dash	0.54	0.52
davis	0.54	0.23
pick	0.54	0.59
whispered	0.54	0.56
touched	0.54	0.31
scheduled	0.54	0.32
pages	0.54	0.39
girls	0.54	0.91
boy	0.54	0.72
adequate	0.54	0.57
everything	0.54	1.04
john	0.54	0.33
mystery	0.54	1.18
guys	0.54	0.96
sandy	0.54	0.44
arnold	0.54	0.41
arthur	0.54	0.31
magazine	0.54	0.40
next	0.54	0.30
supposed	0.55	0.92
seated	0.55	0.24
grace	0.55	1.02
cbs	0.55	0.15
morning	0.55	0.33
william	0.55	0.21
length	0.55	0.45
magazines	0.55	0.43
plot	0.55	0.78
festival	0.55	0.47
publishing	0.55	0.45
eric	0.55	0.25
week	0.55	0.33
abc	0.55	0.16
december	0.55	0.27
rang	0.55	0.29
santa	0.55	0.42
readers	0.55	0.52
sooner	0.55	0.81
creative	0.55	0.54
tommy	0.55	0.48
decent	0.55	1.66
nbc	0.56	0.16
ring	0.56	0.19
tune	0.56	0.67
quick	0.56	0.46
gesture	0.56	0.55
ended	0.56	0.37
sit	0.56	0.36
moderate	0.56	0.88
opportunity	0.56	0.42
old	0.56	0.59
waving	0.56	0.33
begins	0.56	0.36
carl	0.56	0.36
shy	0.56	0.61
guy	0.56	1.02
flo	0.56	0.65
colleagues	0.56	0.65
jerry	0.56	0.33
shared	0.56	0.66
want	0.56	0.93
black	0.57	0.65
basic	0.57	0.49
talk	0.57	0.93
writers	0.57	0.54
think	0.57	1.14
song	0.57	0.55
bodies	0.57	0.44
charles	0.57	0.33
tables	0.57	0.24
living	0.57	0.73
dave	0.57	0.33
lloyd	0.57	0.54
tom	0.57	0.25
ma	0.57	0.69
breathing	0.57	0.71
proof	0.57	0.31
died	0.57	1.17
come	0.57	0.96
christopher	0.57	0.27
win	0.57	0.39
hear	0.57	0.56
oldest	0.58	1.18
everybody	0.58	0.96
fred	0.58	0.36
herself	0.58	0.52
saying	0.58	0.89
scott	0.58	0.25
join	0.58	0.36
include	0.58	0.62
finished	0.58	0.51
useful	0.58	0.61
lined	0.58	0.45
explaining	0.58	0.47
seeking	0.58	0.66
meals	0.58	0.51
whose	0.58	0.98
lips	0.59	0.51
del	0.59	0.25
audience	0.59	0.17
poem	0.59	0.53
left	0.59	0.48
till	0.59	0.38
starts	0.59	0.43
hold	0.59	0.43
master	0.59	0.27
moreover	0.59	0.48
stand	0.59	0.56
hers	0.59	0.28
supporting	0.59	0.31
quinn	0.59	0.33
shake	0.59	0.40
metal	0.60	0.64
glow	0.60	0.79
restaurants	0.60	0.50
particular	0.60	0.40
proper	0.60	0.47
jimmy	0.60	0.41
bandicut	0.60	0.28
publication	0.60	0.49
covered	0.60	0.61
walker	0.60	0.21
entire	0.60	0.63
continued	0.60	0.46
flowers	0.61	0.87
monday	0.61	0.35
latest	0.61	0.42
column	0.61	0.40
ipa	0.61	0.56
shopping	0.61	0.45
liberty	0.61	0.31
low	0.61	0.58
heaven	0.61	1.89
size	0.61	0.61
lunch	0.61	0.50
huh	0.61	1.03
going	0.61	1.01
striking	0.61	0.46
theme	0.61	0.58
chance	0.61	0.77
hiding	0.61	0.28
given	0.62	0.69
stay	0.62	0.57
wise	0.62	0.35
reads	0.62	0.30
another	0.62	0.50
tone	0.62	0.68
using	0.62	0.37
hidden	0.62	0.51
leave	0.62	0.54
sees	0.62	0.43
ties	0.62	0.53
steel	0.62	0.65
goes	0.62	0.41
evening	0.62	0.36
riding	0.62	0.51
session	0.62	0.58
meet	0.62	0.49
rings	0.62	0.17
sighed	0.63	0.53
nevertheless	0.63	0.30
calling	0.63	0.41
robert	0.63	0.21
watch	0.63	0.53
hey	0.63	1.01
jeff	0.63	0.59
require	0.63	0.76
child	0.63	1.00
sign	0.63	0.28
continues	0.63	0.28
really	0.63	1.09
call	0.63	0.55
slide	0.63	0.41
throws	0.63	0.40
named	0.63	0.96
pace	0.63	0.50
runs	0.63	0.34
ed	0.63	0.39
thomas	0.63	0.24
grinned	0.64	0.62
still	0.64	0.67
lord	0.64	0.78
terry	0.64	0.27
holly	0.64	0.53
lived	0.64	1.48
vera	0.64	0.28
shrugged	0.64	0.64
wear	0.64	0.70
handful	0.64	0.36
phone	0.64	0.31
articles	0.64	0.51
same	0.64	0.54
written	0.64	0.42
lies	0.65	0.32
hurry	0.65	0.91
celandine	0.65	0.46
jackie	0.65	0.32
reply	0.65	0.42
tuesday	0.65	0.37
arts	0.65	0.46
nodded	0.65	0.66
ryan	0.65	0.27
medea	0.65	0.31
pulls	0.65	0.42
read	0.65	0.48
laughed	0.66	0.61
henry	0.66	0.38
noon	0.66	0.31
check	0.66	0.47
doorway	0.66	0.44
attend	0.66	0.47
boot	0.66	0.54
dr	0.66	0.32
silent	0.66	0.55
deborah	0.67	0.34
comedy	0.67	0.45
characters	0.67	1.03
wish	0.67	0.50
art	0.67	0.49
say	0.67	1.05
worry	0.67	1.00
look	0.67	0.91
regard	0.67	0.35
vacation	0.67	0.40
sam	0.67	0.35
alternative	0.68	0.44
following	0.68	0.12
here	0.68	1.13
tent	0.68	0.58
spun	0.68	0.45
stares	0.68	0.37
boyfriend	0.68	0.93
provide	0.68	1.07
color	0.68	0.49
access	0.68	1.03
simon	0.68	0.41
mutual	0.68	0.93
telling	0.68	1.05
bunch	0.68	0.71
promised	0.68	0.69
go	0.68	0.92
someday	0.69	0.43
patience	0.69	0.80
shade	0.69	0.73
ivan	0.69	0.28
claire	0.69	0.83
sunday	0.69	0.33
approaches	0.69	0.33
possible	0.69	0.61
conversations	0.69	0.62
collected	0.69	0.44
comprehensive	0.69	0.74
stuart	0.69	0.26
included	0.69	0.41
allows	0.69	0.63
selection	0.69	1.66
neatly	0.69	0.49
moves	0.69	0.38
classic	0.70	0.54
privacy	0.70	0.57
separated	0.70	0.72
final	0.70	0.41
settlement	0.70	0.44
gary	0.70	0.38
silence	0.70	0.56
eddie	0.71	0.41
friday	0.71	0.40
minute	0.71	0.68
working	0.71	0.71
works	0.71	0.44
literature	0.71	0.71
aaron	0.71	0.29
julia	0.71	1.00
accomplished	0.71	0.44
stops	0.71	0.43
rick	0.71	0.31
jesus	0.72	1.78
wheel	0.72	0.55
rows	0.72	0.49
joy	0.72	1.59
wheels	0.72	0.57
thursday	0.72	0.40
sons	0.72	1.21
follows	0.72	0.35
post	0.72	0.30
takes	0.72	0.41
past	0.72	0.11
saturday	0.72	0.40
flashed	0.72	0.40
beat	0.72	0.77
listening	0.73	0.49
sang	0.73	0.50
russell	0.73	0.22
advantage	0.73	0.37
turns	0.73	0.43
relieved	0.73	1.34
active	0.73	0.36
wrote	0.73	0.41
carol	0.73	0.38
duke	0.73	0.39
daniel	0.73	0.50
interested	0.73	1.21
wednesday	0.73	0.41
museum	0.74	0.49
nicholas	0.74	0.36
published	0.74	0.56
inspired	0.74	0.52
work	0.74	0.74
girlfriend	0.74	0.91
stack	0.74	0.41
grabs	0.74	0.39
efficient	0.74	0.42
jenny	0.74	0.29
opera	0.74	0.41
bars	0.74	0.36
opens	0.75	0.35
grade	0.75	0.51
book	0.75	0.69
kept	0.75	0.62
write	0.75	0.44
writer	0.75	0.58
ruth	0.75	0.47
looks	0.76	0.44
sits	0.76	0.35
sex	0.76	1.73
reaches	0.76	0.37
replied	0.76	0.49
taylor	0.76	0.27
picks	0.76	0.37
answer	0.76	0.71
janet	0.76	0.41
laughs	0.76	0.51
holds	0.76	0.35
properly	0.76	0.71
also	0.76	0.45
oliver	0.76	0.43
brothers	0.77	1.18
stands	0.77	0.36
give	0.77	0.63
chris	0.77	0.41
pursue	0.77	0.48
career	0.77	0.27
third	0.77	0.46
dress	0.77	0.73
lucy	0.77	0.62
inn	0.77	0.56
provided	0.78	1.00
joining	0.78	0.50
enter	0.78	0.21
completed	0.78	0.48
devereaux	0.78	0.40
every	0.78	0.60
rare	0.78	0.50
dinner	0.79	0.45
today	0.79	0.54
puts	0.79	0.39
alert	0.79	0.66
mama	0.79	0.52
partners	0.79	0.72
ceremony	0.79	0.43
camera	0.79	0.24
writing	0.79	0.61
walks	0.79	0.37
bet	0.79	1.05
second	0.80	0.45
mean	0.80	1.10
silently	0.80	0.43
denver	0.80	0.52
whom	0.80	1.45
contact	0.80	0.56
jr	0.80	0.47
birth	0.80	1.10
home	0.80	0.57
rachel	0.80	0.22
suppose	0.80	0.84
watches	0.80	0.38
writes	0.80	0.53
painted	0.80	0.75
dates	0.80	0.55
offered	0.80	0.95
williams	0.80	0.40
slow	0.80	0.67
exhibition	0.80	0.42
grin	0.80	0.57
hangs	0.80	0.32
keep	0.80	0.49
cheek	0.81	0.80
sisters	0.81	1.15
fifth	0.81	0.46
moments	0.81	0.54
literary	0.81	0.68
silk	0.81	0.85
lily	0.81	0.43
gallery	0.82	0.46
small	0.82	0.64
accurate	0.82	0.51
kim	0.82	0.34
richie	0.82	0.34
voice	0.82	0.66
partner	0.82	0.79
rolls	0.82	0.52
keeps	0.82	0.51
hadley	0.82	0.35
listen	0.82	0.75
chosen	0.83	0.34
crosses	0.83	0.37
version	0.83	0.65
neil	0.83	0.33
better	0.83	1.56
dad	0.83	0.70
occasions	0.84	0.50
beth	0.84	0.37
sixth	0.84	0.45
episode	0.84	0.60
grandfather	0.84	1.40
pregnant	0.84	1.04
papa	0.84	0.74
clara	0.84	0.57
tiny	0.84	0.52
exotic	0.84	0.57
poetry	0.85	0.73
charlotte	0.85	0.33
lee	0.85	0.58
features	0.85	0.65
enters	0.85	0.37
playing	0.85	0.29
scene	0.85	0.29
pale	0.85	0.75
settle	0.85	0.38
gardens	0.85	0.60
special	0.85	0.34
gold	0.85	0.59
secure	0.86	0.61
exciting	0.86	0.61
sir	0.86	0.38
trip	0.86	0.50
fourth	0.86	0.45
host	0.86	0.32
tender	0.86	0.77
lost	0.86	1.17
linda	0.86	0.57
style	0.86	0.46
actress	0.86	0.57
rosie	0.86	0.34
palace	0.87	0.60
arranged	0.87	0.35
dating	0.87	0.79
mrs	0.87	0.30
colors	0.87	0.67
daughters	0.87	1.15
play	0.87	0.33
nods	0.87	0.40
annie	0.87	0.46
miller	0.88	0.35
sue	0.88	0.41
nancy	0.88	0.52
stories	0.88	1.12
highest	0.88	0.50
improved	0.88	1.46
reasonable	0.88	0.43
story	0.88	1.05
jill	0.88	0.73
occasion	0.89	0.51
gives	0.89	0.83
szanto	0.89	0.28
free	0.89	0.72
novels	0.89	0.83
ok	0.89	0.94
woman	0.89	0.61
baby	0.90	0.72
gently	0.90	0.76
available	0.90	1.03
honey	0.90	0.49
murmured	0.90	0.43
ray	0.90	0.32
close	0.90	0.33
beauty	0.90	0.63
careful	0.90	0.84
josh	0.91	0.34
brown	0.91	0.69
green	0.91	0.88
restaurant	0.91	0.71
white	0.91	0.89
yeah	0.91	1.00
cafe	0.91	0.68
girl	0.91	0.58
chorus	0.91	0.49
glowing	0.91	0.91
bound	0.92	0.29
son	0.92	1.09
tips	0.92	1.61
grandmother	0.92	1.09
wait	0.92	0.81
sara	0.92	0.38
books	0.93	0.72
collection	0.93	0.42
jada	0.93	0.34
reader	0.93	0.55
friends	0.93	1.00
controlled	0.93	0.43
fiction	0.93	0.80
lenora	0.94	0.30
communication	0.94	0.64
smiled	0.94	0.61
tour	0.94	0.40
uncle	0.94	0.89
please	0.94	0.53
sally	0.94	0.34
confidence	0.95	0.83
soft	0.95	0.82
brother	0.96	1.04
anna	0.96	0.51
display	0.96	0.46
barbara	0.96	0.56
kissed	0.96	0.73
date	0.96	0.44
angel	0.97	0.94
companion	0.97	0.61
handsome	0.97	0.36
kelly	0.97	0.35
karen	0.97	0.52
jacob	0.97	0.92
interesting	0.97	1.02
designs	0.97	0.50
neighbor	0.98	0.67
blue	0.98	0.89
jo	0.98	0.37
amanda	0.98	0.77
midnight	0.98	0.54
jane	0.99	0.58
sings	0.99	0.67
red	0.99	0.90
crystal	0.99	0.64
married	1.00	1.10
mr	1.00	0.46
reliable	1.00	0.41
scenes	1.00	0.68
touches	1.00	0.74
cousin	1.00	1.00
ellen	1.01	0.47
alicia	1.01	0.30
clear	1.01	0.67
tomorrow	1.01	0.58
remarkable	1.01	1.01
ferreby	1.01	0.68
colored	1.01	0.83
yours	1.01	0.66
award	1.02	0.37
friend	1.02	0.84
leans	1.02	0.54
silver	1.02	0.67
daughter	1.02	1.00
shakes	1.02	0.54
top	1.02	0.40
popular	1.02	0.33
laura	1.03	0.59
orange	1.03	0.95
relationships	1.03	0.64
delia	1.03	0.32
intelligent	1.03	0.39
famous	1.04	0.27
returning	1.04	0.45
done	1.04	1.39
betty	1.04	0.63
pause	1.04	0.74
dialogue	1.04	0.40
passion	1.05	1.56
prize	1.05	0.40
philip	1.05	0.50
double	1.05	0.60
guarantee	1.05	0.45
winner	1.05	0.35
keeping	1.06	0.39
lifetime	1.06	0.48
father	1.06	1.30
unexpected	1.06	1.41
generous	1.06	0.73
sofa	1.07	0.55
softly	1.07	0.38
king	1.07	0.53
menu	1.07	1.56
firmly	1.08	0.51
lisa	1.08	0.67
susan	1.08	0.61
appreciate	1.08	0.51
elaborate	1.08	0.62
consistent	1.08	0.64
marie	1.09	0.70
jean	1.09	0.67
fancy	1.09	0.48
queen	1.10	0.55
great	1.10	1.14
offer	1.10	1.47
pleased	1.10	1.28
ann	1.10	0.70
divorce	1.11	0.98
max	1.11	0.24
trust	1.11	1.62
smile	1.11	0.61
includes	1.12	0.87
surprisingly	1.12	0.73
cont	1.13	0.45
guests	1.13	0.47
name	1.13	0.53
sarah	1.13	0.85
amy	1.13	1.22
miriam	1.14	0.44
celebration	1.14	0.63
provides	1.14	1.48
guest	1.14	0.41
strong	1.14	0.98
unique	1.14	1.03
respect	1.14	1.59
offering	1.14	1.44
weekend	1.15	0.66
shining	1.15	0.77
mary	1.15	0.73
poet	1.15	0.61
purple	1.15	0.98
bright	1.16	0.92
wife	1.16	1.26
anderson	1.16	0.48
author	1.16	0.62
grateful	1.16	1.39
ending	1.17	0.59
gifts	1.17	0.55
lindsay	1.18	0.41
favorite	1.18	1.01
doing	1.19	1.36
okay	1.19	0.84
martha	1.19	0.65
truth	1.20	1.22
catherine	1.20	0.58
offers	1.20	1.48
husband	1.20	1.27
exits	1.20	0.41
novel	1.21	0.90
yellow	1.21	0.94
presents	1.21	0.55
sorry	1.21	0.70
tonight	1.21	0.72
shiny	1.23	0.84
sharing	1.23	0.61
mother	1.23	1.09
peggy	1.24	0.68
relax	1.24	0.62
helen	1.24	0.49
always	1.25	1.05
solid	1.26	0.80
sister	1.26	1.11
alice	1.27	0.54
anne	1.27	0.68
manner	1.27	0.82
peace	1.27	0.59
mine	1.27	0.40
gift	1.27	0.67
mom	1.27	0.50
eve	1.27	0.68
relationship	1.28	0.69
warmth	1.28	1.82
hi	1.28	0.62
true	1.29	1.08
dining	1.30	0.57
adventure	1.30	0.69
prince	1.30	0.50
margaret	1.30	0.75
molly	1.30	0.27
marry	1.30	0.92
uh	1.31	0.82
guess	1.31	1.35
opportunities	1.32	1.30
joan	1.32	0.49
smooth	1.33	0.73
miss	1.33	0.27
job	1.33	1.33
hope	1.34	1.23
ah	1.34	0.43
stable	1.34	0.75
sing	1.34	1.52
right	1.35	1.35
nod	1.35	0.74
aunt	1.36	0.62
excuse	1.37	0.47
elizabeth	1.38	0.60
absolute	1.38	1.28
sure	1.39	1.35
comfort	1.39	0.81
smiles	1.41	0.52
fair	1.41	1.17
hello	1.42	0.48
guide	1.43	1.24
secret	1.43	1.29
julie	1.45	0.23
humor	1.45	1.24
maria	1.45	0.55
forever	1.45	0.95
yes	1.45	0.55
thank	1.47	0.46
lovers	1.47	1.30
precise	1.47	1.36
formal	1.48	0.68
secrets	1.48	1.22
conversation	1.50	1.54
thanks	1.50	0.69
exact	1.51	1.35
oh	1.52	0.53
lady	1.52	0.40
affair	1.52	0.66
romantic	1.52	1.30
lots	1.52	1.19
well	1.53	1.29
honest	1.54	0.81
alive	1.57	1.12
delicate	1.58	1.26
single	1.59	1.28
steady	1.60	1.62
emily	1.60	0.57
marriage	1.61	1.36
kiss	1.63	1.43
match	1.63	1.17
lover	1.64	1.38
kisses	1.64	1.59
golden	1.64	0.65
romance	1.64	1.47
wedding	1.65	0.59
fun	1.68	0.98
simple	1.68	1.05
ideal	1.72	1.16
dull	1.74	1.79
friendship	1.75	1.30
polite	1.75	1.44
modest	1.75	1.51
balance	1.77	1.18
confident	1.78	0.88
embrace	1.82	1.38
quiet	1.83	1.58
pure	1.84	1.25
smiling	1.85	0.98
happily	1.90	0.91
healthy	1.91	0.90
gentle	1.91	1.32
glad	1.93	0.80
promise	1.94	0.87
spinning	1.94	1.37
attractive	1.94	0.80
calm	1.94	1.34
dear	1.96	0.82
intimate	1.97	1.20
fine	1.97	0.89
casual	1.99	1.42
enjoying	2.01	1.27
friendly	2.02	1.17
complete	2.02	1.08
safe	2.04	0.89
nice	2.04	0.95
pink	2.05	1.30
ladies	2.06	0.84
plenty	2.09	0.96
robinson	2.11	1.30
birthday	2.11	1.00
doll	2.11	0.94
happiness	2.12	1.00
holiday	2.13	0.97
enjoy	2.15	1.12
christmas	2.15	1.03
tale	2.20	1.30
relaxed	2.23	1.39
comfortable	2.25	1.24
princess	2.26	0.87
best	2.27	0.87
brilliant	2.27	0.99
loving	2.29	0.96
balanced	2.33	0.96
wonderful	2.34	0.66
fit	2.37	0.96
peaceful	2.41	1.15
welcome	2.42	1.00
neat	2.43	0.88
darling	2.50	0.78
beautiful	2.59	0.66
perfectly	2.66	0.79
elegant	2.79	0.87
